Workbook
Name eredmeny: '15. kör sorsolás'!$L$3:$L$11
Name nevezettek: Ligabeosztas!$A$1:$D$287

Sheet A liga
B1: =VLOOKUP(CONCATENATE(LEFT($A$2,1),COLUMN()-1),nevezettek,3,FALSE) -> Marton Zoltán | C1: =VLOOKUP(CONCATENATE(LEFT($A$2,1),COLUMN()-1),nevezettek,3,FALSE) -> Tóth Zoltán | D1: =VLOOKUP(CONCATENATE(LEFT($A$2,1),COLUMN()-1),nevezettek,3,FALSE) -> Polgár István | E1: =VLOOKUP(CONCATENATE(LEFT($A$2,1),COLUMN()-1),nevezettek,3,FALSE) -> Weisz György | F1: =VLOOKUP(CONCATENATE(LEFT($A$2,1),COLUMN()-1),nevezettek,3,FALSE) -> Nagy Ferenc | G1: =VLOOKUP(CONCATENATE(LEFT($A$2,1),COLUMN()-1),nevezettek,3,FALSE) -> Dombay Miklós | H1: =VLOOKUP(CONCATENATE(LEFT($A$2,1),COLUMN()-1),nevezettek,3,FALSE) -> Pék Róbert | I1: =VLOOKUP(CONCATENATE(LEFT($A$2,1),COLUMN()-1),nevezettek,3,FALSE) -> Kovács Gábor | ... K1: =VLOOKUP(CONCATENATE(LEFT($A$2,1),COLUMN()-1),nevezettek,3,FALSE) -> 0 | L1: összpont-szám | M1: Győze-lem | N1: Nyert szett | O1: Vesztett szett | P1: helyezés (hatékonyság)
A2: =RIGHT(CELL("filename",A1),6) -> A liga
A3: =COUNTIF(Ligabeosztas!D:D,LEFT(A2,1)) -> 10
A4: =B1 -> Marton Zoltán | L4: =5*(COUNTIF(B4:K6,"5/0")+COUNTIF(B4:K6,"4/1")+COUNTIF(B4:K6,"3/2")+COUNTIF(B4:K6,"5/-"))+3*COUNTIF(B4:K6,"2/3")+2*COUNTIF(B4:K6,"1/4")+COUNTIF(B4:K6,"0/5")+0.01*M4+0.0001*(N4) -> 0 | M4: =1*COUNTIF(B4:K6,"5/0")+1*COUNTIF(B4:K6,"4/1")+1*COUNTIF(B4:K6,"3/2")+1*COUNTIF(B4:K6,"5/-")+0*COUNTIF(B4:K6,"2/3")+0*COUNTIF(B4:K6,"1/4")+0*COUNTIF(B4:K6,"0/5") -> 0 | N4: =5*COUNTIF(B4:K6,"5/0")+4*COUNTIF(B4:K6,"4/1")+3*COUNTIF(B4:K6,"3/2")+5*COUNTIF(B4:K6,"5/-")+2*COUNTIF(B4:K6,"2/3")+1*COUNTIF(B4:K6,"1/4")+0*COUNTIF(B4:K6,"0/5") -> 0 | O4: =0*COUNTIF(B4:K6,"5/0")+1*COUNTIF(B4:K6,"4/1")+2*COUNTIF(B4:K6,"3/2")+3*COUNTIF(B4:K6,"2/3")+4*COUNTIF(B4:K6,"1/4")+5*COUNTIF(B4:K6,"0/5")+5*COUNTIF(B4:K6,"-/5") -> 0 | P4: =RANK(L4,L$4:L$33) -> 1
P6: =IFERROR(L4/SUM(N4:O6),0) -> 0
A7: =C1 -> Tóth Zoltán | L7: =5*(COUNTIF(B7:K9,"5/0")+COUNTIF(B7:K9,"4/1")+COUNTIF(B7:K9,"3/2")+COUNTIF(B7:K9,"5/-"))+3*COUNTIF(B7:K9,"2/3")+2*COUNTIF(B7:K9,"1/4")+COUNTIF(B7:K9,"0/5")+0.01*M7+0.0001*(N7) -> 0 | M7: =1*COUNTIF(B7:K9,"5/0")+1*COUNTIF(B7:K9,"4/1")+1*COUNTIF(B7:K9,"3/2")+1*COUNTIF(B7:K9,"5/-")+0*COUNTIF(B7:K9,"2/3")+0*COUNTIF(B7:K9,"1/4")+0*COUNTIF(B7:K9,"0/5") -> 0 | N7: =5*COUNTIF(B7:K9,"5/0")+4*COUNTIF(B7:K9,"4/1")+3*COUNTIF(B7:K9,"3/2")+5*COUNTIF(B7:K9,"5/-")+2*COUNTIF(B7:K9,"2/3")+1*COUNTIF(B7:K9,"1/4")+0*COUNTIF(B7:K9,"0/5") -> 0 | O7: =0*COUNTIF(B7:K9,"5/0")+1*COUNTIF(B7:K9,"4/1")+2*COUNTIF(B7:K9,"3/2")+3*COUNTIF(B7:K9,"2/3")+4*COUNTIF(B7:K9,"1/4")+5*COUNTIF(B7:K9,"0/5")+5*COUNTIF(B7:K9,"-/5") -> 0 | P7: =RANK(L7,L$4:L$33) -> 1
P9: =IFERROR(L7/SUM(N7:O9),0) -> 0
A10: =D1 -> Polgár István | L10: =5*(COUNTIF(B10:K12,"5/0")+COUNTIF(B10:K12,"4/1")+COUNTIF(B10:K12,"3/2")+COUNTIF(B10:K12,"5/-"))+3*COUNTIF(B10:K12,"2/3")+2*COUNTIF(B10:K12,"1/4")+COUNTIF(B10:K12,"0/5")+0.01*M10+0.0001*(N10) -> 0 | M10: =1*COUNTIF(B10:K12,"5/0")+1*COUNTIF(B10:K12,"4/1")+1*COUNTIF(B10:K12,"3/2")+1*COUNTIF(B10:K12,"5/-")+0*COUNTIF(B10:K12,"2/3")+0*COUNTIF(B10:K12,"1/4")+0*COUNTIF(B10:K12,"0/5") -> 0 | N10: =5*COUNTIF(B10:K12,"5/0")+4*COUNTIF(B10:K12,"4/1")+3*COUNTIF(B10:K12,"3/2")+5*COUNTIF(B10:K12,"5/-")+2*COUNTIF(B10:K12,"2/3")+1*COUNTIF(B10:K12,"1/4")+0*COUNTIF(B10:K12,"0/5") -> 0 | O10: =0*COUNTIF(B10:K12,"5/0")+1*COUNTIF(B10:K12,"4/1")+2*COUNTIF(B10:K12,"3/2")+3*COUNTIF(B10:K12,"2/3")+4*COUNTIF(B10:K12,"1/4")+5*COUNTIF(B10:K12,"0/5")+5*COUNTIF(B10:K12,"-/5") -> 0 | P10: =RANK(L10,L$4:L$33) -> 1
P12: =IFERROR(L10/SUM(N10:O12),0) -> 0
A13: =E1 -> Weisz György | L13: =5*(COUNTIF(B13:K15,"5/0")+COUNTIF(B13:K15,"4/1")+COUNTIF(B13:K15,"3/2")+COUNTIF(B13:K15,"5/-"))+3*COUNTIF(B13:K15,"2/3")+2*COUNTIF(B13:K15,"1/4")+COUNTIF(B13:K15,"0/5")+0.01*M13+0.0001*(N13) -> 0 | M13: =1*COUNTIF(B13:K15,"5/0")+1*COUNTIF(B13:K15,"4/1")+1*COUNTIF(B13:K15,"3/2")+1*COUNTIF(B13:K15,"5/-")+0*COUNTIF(B13:K15,"2/3")+0*COUNTIF(B13:K15,"1/4")+0*COUNTIF(B13:K15,"0/5") -> 0 | N13: =5*COUNTIF(B13:K15,"5/0")+4*COUNTIF(B13:K15,"4/1")+3*COUNTIF(B13:K15,"3/2")+5*COUNTIF(B13:K15,"5/-")+2*COUNTIF(B13:K15,"2/3")+1*COUNTIF(B13:K15,"1/4")+0*COUNTIF(B13:K15,"0/5") -> 0 | O13: =0*COUNTIF(B13:K15,"5/0")+1*COUNTIF(B13:K15,"4/1")+2*COUNTIF(B13:K15,"3/2")+3*COUNTIF(B13:K15,"2/3")+4*COUNTIF(B13:K15,"1/4")+5*COUNTIF(B13:K15,"0/5")+5*COUNTIF(B13:K15,"-/5") -> 0 | P13: =RANK(L13,L$4:L$33) -> 1
P15: =IFERROR(L13/SUM(N13:O15),0) -> 0
A16: =F1 -> Nagy Ferenc | L16: =5*(COUNTIF(B16:K18,"5/0")+COUNTIF(B16:K18,"4/1")+COUNTIF(B16:K18,"3/2")+COUNTIF(B16:K18,"5/-"))+3*COUNTIF(B16:K18,"2/3")+2*COUNTIF(B16:K18,"1/4")+COUNTIF(B16:K18,"0/5")+0.01*M16+0.0001*(N16) -> 0 | M16: =1*COUNTIF(B16:K18,"5/0")+1*COUNTIF(B16:K18,"4/1")+1*COUNTIF(B16:K18,"3/2")+1*COUNTIF(B16:K18,"5/-")+0*COUNTIF(B16:K18,"2/3")+0*COUNTIF(B16:K18,"1/4")+0*COUNTIF(B16:K18,"0/5") -> 0 | N16: =5*COUNTIF(B16:K18,"5/0")+4*COUNTIF(B16:K18,"4/1")+3*COUNTIF(B16:K18,"3/2")+5*COUNTIF(B16:K18,"5/-")+2*COUNTIF(B16:K18,"2/3")+1*COUNTIF(B16:K18,"1/4")+0*COUNTIF(B16:K18,"0/5") -> 0 | O16: =0*COUNTIF(B16:K18,"5/0")+1*COUNTIF(B16:K18,"4/1")+2*COUNTIF(B16:K18,"3/2")+3*COUNTIF(B16:K18,"2/3")+4*COUNTIF(B16:K18,"1/4")+5*COUNTIF(B16:K18,"0/5")+5*COUNTIF(B16:K18,"-/5") -> 0 | P16: =RANK(L16,L$4:L$33) -> 1
P18: =IFERROR(L16/SUM(N16:O18),0) -> 0
A19: =G1 -> Dombay Miklós | L19: =5*(COUNTIF(B19:K21,"5/0")+COUNTIF(B19:K21,"4/1")+COUNTIF(B19:K21,"3/2")+COUNTIF(B19:K21,"5/-"))+3*COUNTIF(B19:K21,"2/3")+2*COUNTIF(B19:K21,"1/4")+COUNTIF(B19:K21,"0/5")+0.01*M19+0.0001*(N19) -> 0 | M19: =1*COUNTIF(B19:K21,"5/0")+1*COUNTIF(B19:K21,"4/1")+1*COUNTIF(B19:K21,"3/2")+1*COUNTIF(B19:K21,"5/-")+0*COUNTIF(B19:K21,"2/3")+0*COUNTIF(B19:K21,"1/4")+0*COUNTIF(B19:K21,"0/5") -> 0 | N19: =5*COUNTIF(B19:K21,"5/0")+4*COUNTIF(B19:K21,"4/1")+3*COUNTIF(B19:K21,"3/2")+5*COUNTIF(B19:K21,"5/-")+2*COUNTIF(B19:K21,"2/3")+1*COUNTIF(B19:K21,"1/4")+0*COUNTIF(B19:K21,"0/5") -> 0 | O19: =0*COUNTIF(B19:K21,"5/0")+1*COUNTIF(B19:K21,"4/1")+2*COUNTIF(B19:K21,"3/2")+3*COUNTIF(B19:K21,"2/3")+4*COUNTIF(B19:K21,"1/4")+5*COUNTIF(B19:K21,"0/5")+5*COUNTIF(B19:K21,"-/5") -> 0 | P19: =RANK(L19,L$4:L$33) -> 1
P21: =IFERROR(L19/SUM(N19:O21),0) -> 0
A22: =H1 -> Pék Róbert | L22: =5*(COUNTIF(B22:K24,"5/0")+COUNTIF(B22:K24,"4/1")+COUNTIF(B22:K24,"3/2")+COUNTIF(B22:K24,"5/-"))+3*COUNTIF(B22:K24,"2/3")+2*COUNTIF(B22:K24,"1/4")+COUNTIF(B22:K24,"0/5")+0.01*M22+0.0001*(N22) -> 0 | M22: =1*COUNTIF(B22:K24,"5/0")+1*COUNTIF(B22:K24,"4/1")+1*COUNTIF(B22:K24,"3/2")+1*COUNTIF(B22:K24,"5/-")+0*COUNTIF(B22:K24,"2/3")+0*COUNTIF(B22:K24,"1/4")+0*COUNTIF(B22:K24,"0/5") -> 0 | N22: =5*COUNTIF(B22:K24,"5/0")+4*COUNTIF(B22:K24,"4/1")+3*COUNTIF(B22:K24,"3/2")+5*COUNTIF(B22:K24,"5/-")+2*COUNTIF(B22:K24,"2/3")+1*COUNTIF(B22:K24,"1/4")+0*COUNTIF(B22:K24,"0/5") -> 0 | O22: =0*COUNTIF(B22:K24,"5/0")+1*COUNTIF(B22:K24,"4/1")+2*COUNTIF(B22:K24,"3/2")+3*COUNTIF(B22:K24,"2/3")+4*COUNTIF(B22:K24,"1/4")+5*COUNTIF(B22:K24,"0/5")+5*COUNTIF(B22:K24,"-/5") -> 0 | P22: =RANK(L22,L$4:L$33) -> 1
P24: =IFERROR(L22/SUM(N22:O24),0) -> 0
A25: =I1 -> Kovács Gábor | L25: =5*(COUNTIF(B25:K27,"5/0")+COUNTIF(B25:K27,"4/1")+COUNTIF(B25:K27,"3/2")+COUNTIF(B25:K27,"5/-"))+3*COUNTIF(B25:K27,"2/3")+2*COUNTIF(B25:K27,"1/4")+COUNTIF(B25:K27,"0/5")+0.01*M25+0.0001*(N25) -> 0 | M25: =1*COUNTIF(B25:K27,"5/0")+1*COUNTIF(B25:K27,"4/1")+1*COUNTIF(B25:K27,"3/2")+1*COUNTIF(B25:K27,"5/-")+0*COUNTIF(B25:K27,"2/3")+0*COUNTIF(B25:K27,"1/4")+0*COUNTIF(B25:K27,"0/5") -> 0 | N25: =5*COUNTIF(B25:K27,"5/0")+4*COUNTIF(B25:K27,"4/1")+3*COUNTIF(B25:K27,"3/2")+5*COUNTIF(B25:K27,"5/-")+2*COUNTIF(B25:K27,"2/3")+1*COUNTIF(B25:K27,"1/4")+0*COUNTIF(B25:K27,"0/5") -> 0 | O25: =0*COUNTIF(B25:K27,"5/0")+1*COUNTIF(B25:K27,"4/1")+2*COUNTIF(B25:K27,"3/2")+3*COUNTIF(B25:K27,"2/3")+4*COUNTIF(B25:K27,"1/4")+5*COUNTIF(B25:K27,"0/5")+5*COUNTIF(B25:K27,"-/5") -> 0 | P25: =RANK(L25,L$4:L$33) -> 1
P27: =IFERROR(L25/SUM(N25:O27),0) -> 0
A28: =J1 -> 0 | L28: =5*(COUNTIF(B28:K30,"5/0")+COUNTIF(B28:K30,"4/1")+COUNTIF(B28:K30,"3/2")+COUNTIF(B28:K30,"5/-"))+3*COUNTIF(B28:K30,"2/3")+2*COUNTIF(B28:K30,"1/4")+COUNTIF(B28:K30,"0/5")+0.01*M28+0.0001*(N28) -> 0 | M28: =1*COUNTIF(B28:K30,"5/0")+1*COUNTIF(B28:K30,"4/1")+1*COUNTIF(B28:K30,"3/2")+1*COUNTIF(B28:K30,"5/-")+0*COUNTIF(B28:K30,"2/3")+0*COUNTIF(B28:K30,"1/4")+0*COUNTIF(B28:K30,"0/5") -> 0 | N28: =5*COUNTIF(B28:K30,"5/0")+4*COUNTIF(B28:K30,"4/1")+3*COUNTIF(B28:K30,"3/2")+5*COUNTIF(B28:K30,"5/-")+2*COUNTIF(B28:K30,"2/3")+1*COUNTIF(B28:K30,"1/4")+0*COUNTIF(B28:K30,"0/5") -> 0 | O28: =0*COUNTIF(B28:K30,"5/0")+1*COUNTIF(B28:K30,"4/1")+2*COUNTIF(B28:K30,"3/2")+3*COUNTIF(B28:K30,"2/3")+4*COUNTIF(B28:K30,"1/4")+5*COUNTIF(B28:K30,"0/5")+5*COUNTIF(B28:K30,"-/5") -> 0 | P28: =RANK(L28,L$4:L$33) -> 1
P30: =IFERROR(L28/SUM(N28:O30),0) -> 0
A31: =K1 -> 0 | L31: =5*(COUNTIF(B31:K33,"5/0")+COUNTIF(B31:K33,"4/1")+COUNTIF(B31:K33,"3/2")+COUNTIF(B31:K33,"5/-"))+3*COUNTIF(B31:K33,"2/3")+2*COUNTIF(B31:K33,"1/4")+COUNTIF(B31:K33,"0/5")+0.01*M31+0.0001*(N31) -> 0 | M31: =1*COUNTIF(B31:K33,"5/0")+1*COUNTIF(B31:K33,"4/1")+1*COUNTIF(B31:K33,"3/2")+1*COUNTIF(B31:K33,"5/-")+0*COUNTIF(B31:K33,"2/3")+0*COUNTIF(B31:K33,"1/4")+0*COUNTIF(B31:K33,"0/5") -> 0 | N31: =5*COUNTIF(B31:K33,"5/0")+4*COUNTIF(B31:K33,"4/1")+3*COUNTIF(B31:K33,"3/2")+5*COUNTIF(B31:K33,"5/-")+2*COUNTIF(B31:K33,"2/3")+1*COUNTIF(B31:K33,"1/4")+0*COUNTIF(B31:K33,"0/5") -> 0 | O31: =0*COUNTIF(B31:K33,"5/0")+1*COUNTIF(B31:K33,"4/1")+2*COUNTIF(B31:K33,"3/2")+3*COUNTIF(B31:K33,"2/3")+4*COUNTIF(B31:K33,"1/4")+5*COUNTIF(B31:K33,"0/5")+5*COUNTIF(B31:K33,"-/5") -> 0 | P31: =RANK(L31,L$4:L$33) -> 1
P33: =IFERROR(L31/SUM(N31:O33),0) -> 0

Sheet B liga
B1: =VLOOKUP(CONCATENATE(LEFT($A$2,1),COLUMN()-1),nevezettek,3,FALSE) -> Sákovics Péter | C1: =VLOOKUP(CONCATENATE(LEFT($A$2,1),COLUMN()-1),nevezettek,3,FALSE) -> Tóth István | D1: =VLOOKUP(CONCATENATE(LEFT($A$2,1),COLUMN()-1),nevezettek,3,FALSE) -> Kulcsár Sándor | E1: =VLOOKUP(CONCATENATE(LEFT($A$2,1),COLUMN()-1),nevezettek,3,FALSE) -> Bikali Balázs | F1: =VLOOKUP(CONCATENATE(LEFT($A$2,1),COLUMN()-1),nevezettek,3,FALSE) -> Markó Zoltán | G1: =VLOOKUP(CONCATENATE(LEFT($A$2,1),COLUMN()-1),nevezettek,3,FALSE) -> Czupor András | H1: =VLOOKUP(CONCATENATE(LEFT($A$2,1),COLUMN()-1),nevezettek,3,FALSE) -> Varga Lorena | I1: =VLOOKUP(CONCATENATE(LEFT($A$2,1),COLUMN()-1),nevezettek,3,FALSE) -> Kovács László | ... K1: =VLOOKUP(CONCATENATE(LEFT($A$2,1),COLUMN()-1),nevezettek,3,FALSE) -> 0 | L1: összpont-szám | M1: Győze-lem | N1: Nyert szett | O1: Vesztett szett | P1: helyezés (hatékonyság)
A2: =RIGHT(CELL("filename",A1),6) -> B liga
A3: =COUNTIF(Ligabeosztas!D:D,LEFT(A2,1)) -> 10
A4: =B1 -> Sákovics Péter | L4: =5*(COUNTIF(B4:K6,"5/0")+COUNTIF(B4:K6,"4/1")+COUNTIF(B4:K6,"3/2")+COUNTIF(B4:K6,"5/-"))+3*COUNTIF(B4:K6,"2/3")+2*COUNTIF(B4:K6,"1/4")+COUNTIF(B4:K6,"0/5")+0.01*M4+0.0001*(N4) -> 0 | M4: =1*COUNTIF(B4:K6,"5/0")+1*COUNTIF(B4:K6,"4/1")+1*COUNTIF(B4:K6,"3/2")+1*COUNTIF(B4:K6,"5/-")+0*COUNTIF(B4:K6,"2/3")+0*COUNTIF(B4:K6,"1/4")+0*COUNTIF(B4:K6,"0/5") -> 0 | N4: =5*COUNTIF(B4:K6,"5/0")+4*COUNTIF(B4:K6,"4/1")+3*COUNTIF(B4:K6,"3/2")+5*COUNTIF(B4:K6,"5/-")+2*COUNTIF(B4:K6,"2/3")+1*COUNTIF(B4:K6,"1/4")+0*COUNTIF(B4:K6,"0/5") -> 0 | O4: =0*COUNTIF(B4:K6,"5/0")+1*COUNTIF(B4:K6,"4/1")+2*COUNTIF(B4:K6,"3/2")+3*COUNTIF(B4:K6,"2/3")+4*COUNTIF(B4:K6,"1/4")+5*COUNTIF(B4:K6,"0/5")+5*COUNTIF(B4:K6,"-/5") -> 0 | P4: =RANK(L4,L$4:L$33) -> 1
P6: =IFERROR(L4/SUM(N4:O6),0) -> 0
A7: =C1 -> Tóth István | L7: =5*(COUNTIF(B7:K9,"5/0")+COUNTIF(B7:K9,"4/1")+COUNTIF(B7:K9,"3/2")+COUNTIF(B7:K9,"5/-"))+3*COUNTIF(B7:K9,"2/3")+2*COUNTIF(B7:K9,"1/4")+COUNTIF(B7:K9,"0/5")+0.01*M7+0.0001*(N7) -> 0 | M7: =1*COUNTIF(B7:K9,"5/0")+1*COUNTIF(B7:K9,"4/1")+1*COUNTIF(B7:K9,"3/2")+1*COUNTIF(B7:K9,"5/-")+0*COUNTIF(B7:K9,"2/3")+0*COUNTIF(B7:K9,"1/4")+0*COUNTIF(B7:K9,"0/5") -> 0 | N7: =5*COUNTIF(B7:K9,"5/0")+4*COUNTIF(B7:K9,"4/1")+3*COUNTIF(B7:K9,"3/2")+5*COUNTIF(B7:K9,"5/-")+2*COUNTIF(B7:K9,"2/3")+1*COUNTIF(B7:K9,"1/4")+0*COUNTIF(B7:K9,"0/5") -> 0 | O7: =0*COUNTIF(B7:K9,"5/0")+1*COUNTIF(B7:K9,"4/1")+2*COUNTIF(B7:K9,"3/2")+3*COUNTIF(B7:K9,"2/3")+4*COUNTIF(B7:K9,"1/4")+5*COUNTIF(B7:K9,"0/5")+5*COUNTIF(B7:K9,"-/5") -> 0 | P7: =RANK(L7,L$4:L$33) -> 1
P9: =IFERROR(L7/SUM(N7:O9),0) -> 0
A10: =D1 -> Kulcsár Sándor | L10: =5*(COUNTIF(B10:K12,"5/0")+COUNTIF(B10:K12,"4/1")+COUNTIF(B10:K12,"3/2")+COUNTIF(B10:K12,"5/-"))+3*COUNTIF(B10:K12,"2/3")+2*COUNTIF(B10:K12,"1/4")+COUNTIF(B10:K12,"0/5")+0.01*M10+0.0001*(N10) -> 0 | M10: =1*COUNTIF(B10:K12,"5/0")+1*COUNTIF(B10:K12,"4/1")+1*COUNTIF(B10:K12,"3/2")+1*COUNTIF(B10:K12,"5/-")+0*COUNTIF(B10:K12,"2/3")+0*COUNTIF(B10:K12,"1/4")+0*COUNTIF(B10:K12,"0/5") -> 0 | N10: =5*COUNTIF(B10:K12,"5/0")+4*COUNTIF(B10:K12,"4/1")+3*COUNTIF(B10:K12,"3/2")+5*COUNTIF(B10:K12,"5/-")+2*COUNTIF(B10:K12,"2/3")+1*COUNTIF(B10:K12,"1/4")+0*COUNTIF(B10:K12,"0/5") -> 0 | O10: =0*COUNTIF(B10:K12,"5/0")+1*COUNTIF(B10:K12,"4/1")+2*COUNTIF(B10:K12,"3/2")+3*COUNTIF(B10:K12,"2/3")+4*COUNTIF(B10:K12,"1/4")+5*COUNTIF(B10:K12,"0/5")+5*COUNTIF(B10:K12,"-/5") -> 0 | P10: =RANK(L10,L$4:L$33) -> 1
P12: =IFERROR(L10/SUM(N10:O12),0) -> 0
A13: =E1 -> Bikali Balázs | L13: =5*(COUNTIF(B13:K15,"5/0")+COUNTIF(B13:K15,"4/1")+COUNTIF(B13:K15,"3/2")+COUNTIF(B13:K15,"5/-"))+3*COUNTIF(B13:K15,"2/3")+2*COUNTIF(B13:K15,"1/4")+COUNTIF(B13:K15,"0/5")+0.01*M13+0.0001*(N13) -> 0 | M13: =1*COUNTIF(B13:K15,"5/0")+1*COUNTIF(B13:K15,"4/1")+1*COUNTIF(B13:K15,"3/2")+1*COUNTIF(B13:K15,"5/-")+0*COUNTIF(B13:K15,"2/3")+0*COUNTIF(B13:K15,"1/4")+0*COUNTIF(B13:K15,"0/5") -> 0 | N13: =5*COUNTIF(B13:K15,"5/0")+4*COUNTIF(B13:K15,"4/1")+3*COUNTIF(B13:K15,"3/2")+5*COUNTIF(B13:K15,"5/-")+2*COUNTIF(B13:K15,"2/3")+1*COUNTIF(B13:K15,"1/4")+0*COUNTIF(B13:K15,"0/5") -> 0 | O13: =0*COUNTIF(B13:K15,"5/0")+1*COUNTIF(B13:K15,"4/1")+2*COUNTIF(B13:K15,"3/2")+3*COUNTIF(B13:K15,"2/3")+4*COUNTIF(B13:K15,"1/4")+5*COUNTIF(B13:K15,"0/5")+5*COUNTIF(B13:K15,"-/5") -> 0 | P13: =RANK(L13,L$4:L$33) -> 1
P15: =IFERROR(L13/SUM(N13:O15),0) -> 0
A16: =F1 -> Markó Zoltán | L16: =5*(COUNTIF(B16:K18,"5/0")+COUNTIF(B16:K18,"4/1")+COUNTIF(B16:K18,"3/2")+COUNTIF(B16:K18,"5/-"))+3*COUNTIF(B16:K18,"2/3")+2*COUNTIF(B16:K18,"1/4")+COUNTIF(B16:K18,"0/5")+0.01*M16+0.0001*(N16) -> 0 | M16: =1*COUNTIF(B16:K18,"5/0")+1*COUNTIF(B16:K18,"4/1")+1*COUNTIF(B16:K18,"3/2")+1*COUNTIF(B16:K18,"5/-")+0*COUNTIF(B16:K18,"2/3")+0*COUNTIF(B16:K18,"1/4")+0*COUNTIF(B16:K18,"0/5") -> 0 | N16: =5*COUNTIF(B16:K18,"5/0")+4*COUNTIF(B16:K18,"4/1")+3*COUNTIF(B16:K18,"3/2")+5*COUNTIF(B16:K18,"5/-")+2*COUNTIF(B16:K18,"2/3")+1*COUNTIF(B16:K18,"1/4")+0*COUNTIF(B16:K18,"0/5") -> 0 | O16: =0*COUNTIF(B16:K18,"5/0")+1*COUNTIF(B16:K18,"4/1")+2*COUNTIF(B16:K18,"3/2")+3*COUNTIF(B16:K18,"2/3")+4*COUNTIF(B16:K18,"1/4")+5*COUNTIF(B16:K18,"0/5")+5*COUNTIF(B16:K18,"-/5") -> 0 | P16: =RANK(L16,L$4:L$33) -> 1
P18: =IFERROR(L16/SUM(N16:O18),0) -> 0
A19: =G1 -> Czupor András | L19: =5*(COUNTIF(B19:K21,"5/0")+COUNTIF(B19:K21,"4/1")+COUNTIF(B19:K21,"3/2")+COUNTIF(B19:K21,"5/-"))+3*COUNTIF(B19:K21,"2/3")+2*COUNTIF(B19:K21,"1/4")+COUNTIF(B19:K21,"0/5")+0.01*M19+0.0001*(N19) -> 0 | M19: =1*COUNTIF(B19:K21,"5/0")+1*COUNTIF(B19:K21,"4/1")+1*COUNTIF(B19:K21,"3/2")+1*COUNTIF(B19:K21,"5/-")+0*COUNTIF(B19:K21,"2/3")+0*COUNTIF(B19:K21,"1/4")+0*COUNTIF(B19:K21,"0/5") -> 0 | N19: =5*COUNTIF(B19:K21,"5/0")+4*COUNTIF(B19:K21,"4/1")+3*COUNTIF(B19:K21,"3/2")+5*COUNTIF(B19:K21,"5/-")+2*COUNTIF(B19:K21,"2/3")+1*COUNTIF(B19:K21,"1/4")+0*COUNTIF(B19:K21,"0/5") -> 0 | O19: =0*COUNTIF(B19:K21,"5/0")+1*COUNTIF(B19:K21,"4/1")+2*COUNTIF(B19:K21,"3/2")+3*COUNTIF(B19:K21,"2/3")+4*COUNTIF(B19:K21,"1/4")+5*COUNTIF(B19:K21,"0/5")+5*COUNTIF(B19:K21,"-/5") -> 0 | P19: =RANK(L19,L$4:L$33) -> 1
P21: =IFERROR(L19/SUM(N19:O21),0) -> 0
A22: =H1 -> Varga Lorena | L22: =5*(COUNTIF(B22:K24,"5/0")+COUNTIF(B22:K24,"4/1")+COUNTIF(B22:K24,"3/2")+COUNTIF(B22:K24,"5/-"))+3*COUNTIF(B22:K24,"2/3")+2*COUNTIF(B22:K24,"1/4")+COUNTIF(B22:K24,"0/5")+0.01*M22+0.0001*(N22) -> 0 | M22: =1*COUNTIF(B22:K24,"5/0")+1*COUNTIF(B22:K24,"4/1")+1*COUNTIF(B22:K24,"3/2")+1*COUNTIF(B22:K24,"5/-")+0*COUNTIF(B22:K24,"2/3")+0*COUNTIF(B22:K24,"1/4")+0*COUNTIF(B22:K24,"0/5") -> 0 | N22: =5*COUNTIF(B22:K24,"5/0")+4*COUNTIF(B22:K24,"4/1")+3*COUNTIF(B22:K24,"3/2")+5*COUNTIF(B22:K24,"5/-")+2*COUNTIF(B22:K24,"2/3")+1*COUNTIF(B22:K24,"1/4")+0*COUNTIF(B22:K24,"0/5") -> 0 | O22: =0*COUNTIF(B22:K24,"5/0")+1*COUNTIF(B22:K24,"4/1")+2*COUNTIF(B22:K24,"3/2")+3*COUNTIF(B22:K24,"2/3")+4*COUNTIF(B22:K24,"1/4")+5*COUNTIF(B22:K24,"0/5")+5*COUNTIF(B22:K24,"-/5") -> 0 | P22: =RANK(L22,L$4:L$33) -> 1
P24: =IFERROR(L22/SUM(N22:O24),0) -> 0
A25: =I1 -> Kovács László | L25: =5*(COUNTIF(B25:K27,"5/0")+COUNTIF(B25:K27,"4/1")+COUNTIF(B25:K27,"3/2")+COUNTIF(B25:K27,"5/-"))+3*COUNTIF(B25:K27,"2/3")+2*COUNTIF(B25:K27,"1/4")+COUNTIF(B25:K27,"0/5")+0.01*M25+0.0001*(N25) -> 0 | M25: =1*COUNTIF(B25:K27,"5/0")+1*COUNTIF(B25:K27,"4/1")+1*COUNTIF(B25:K27,"3/2")+1*COUNTIF(B25:K27,"5/-")+0*COUNTIF(B25:K27,"2/3")+0*COUNTIF(B25:K27,"1/4")+0*COUNTIF(B25:K27,"0/5") -> 0 | N25: =5*COUNTIF(B25:K27,"5/0")+4*COUNTIF(B25:K27,"4/1")+3*COUNTIF(B25:K27,"3/2")+5*COUNTIF(B25:K27,"5/-")+2*COUNTIF(B25:K27,"2/3")+1*COUNTIF(B25:K27,"1/4")+0*COUNTIF(B25:K27,"0/5") -> 0 | O25: =0*COUNTIF(B25:K27,"5/0")+1*COUNTIF(B25:K27,"4/1")+2*COUNTIF(B25:K27,"3/2")+3*COUNTIF(B25:K27,"2/3")+4*COUNTIF(B25:K27,"1/4")+5*COUNTIF(B25:K27,"0/5")+5*COUNTIF(B25:K27,"-/5") -> 0 | P25: =RANK(L25,L$4:L$33) -> 1
P27: =IFERROR(L25/SUM(N25:O27),0) -> 0
A28: =J1 -> 0 | L28: =5*(COUNTIF(B28:K30,"5/0")+COUNTIF(B28:K30,"4/1")+COUNTIF(B28:K30,"3/2")+COUNTIF(B28:K30,"5/-"))+3*COUNTIF(B28:K30,"2/3")+2*COUNTIF(B28:K30,"1/4")+COUNTIF(B28:K30,"0/5")+0.01*M28+0.0001*(N28) -> 0 | M28: =1*COUNTIF(B28:K30,"5/0")+1*COUNTIF(B28:K30,"4/1")+1*COUNTIF(B28:K30,"3/2")+1*COUNTIF(B28:K30,"5/-")+0*COUNTIF(B28:K30,"2/3")+0*COUNTIF(B28:K30,"1/4")+0*COUNTIF(B28:K30,"0/5") -> 0 | N28: =5*COUNTIF(B28:K30,"5/0")+4*COUNTIF(B28:K30,"4/1")+3*COUNTIF(B28:K30,"3/2")+5*COUNTIF(B28:K30,"5/-")+2*COUNTIF(B28:K30,"2/3")+1*COUNTIF(B28:K30,"1/4")+0*COUNTIF(B28:K30,"0/5") -> 0 | O28: =0*COUNTIF(B28:K30,"5/0")+1*COUNTIF(B28:K30,"4/1")+2*COUNTIF(B28:K30,"3/2")+3*COUNTIF(B28:K30,"2/3")+4*COUNTIF(B28:K30,"1/4")+5*COUNTIF(B28:K30,"0/5")+5*COUNTIF(B28:K30,"-/5") -> 0 | P28: =RANK(L28,L$4:L$33) -> 1
P30: =IFERROR(L28/SUM(N28:O30),0) -> 0
A31: =K1 -> 0 | L31: =5*(COUNTIF(B31:K33,"5/0")+COUNTIF(B31:K33,"4/1")+COUNTIF(B31:K33,"3/2")+COUNTIF(B31:K33,"5/-"))+3*COUNTIF(B31:K33,"2/3")+2*COUNTIF(B31:K33,"1/4")+COUNTIF(B31:K33,"0/5")+0.01*M31+0.0001*(N31) -> 0 | M31: =1*COUNTIF(B31:K33,"5/0")+1*COUNTIF(B31:K33,"4/1")+1*COUNTIF(B31:K33,"3/2")+1*COUNTIF(B31:K33,"5/-")+0*COUNTIF(B31:K33,"2/3")+0*COUNTIF(B31:K33,"1/4")+0*COUNTIF(B31:K33,"0/5") -> 0 | N31: =5*COUNTIF(B31:K33,"5/0")+4*COUNTIF(B31:K33,"4/1")+3*COUNTIF(B31:K33,"3/2")+5*COUNTIF(B31:K33,"5/-")+2*COUNTIF(B31:K33,"2/3")+1*COUNTIF(B31:K33,"1/4")+0*COUNTIF(B31:K33,"0/5") -> 0 | O31: =0*COUNTIF(B31:K33,"5/0")+1*COUNTIF(B31:K33,"4/1")+2*COUNTIF(B31:K33,"3/2")+3*COUNTIF(B31:K33,"2/3")+4*COUNTIF(B31:K33,"1/4")+5*COUNTIF(B31:K33,"0/5")+5*COUNTIF(B31:K33,"-/5") -> 0 | P31: =RANK(L31,L$4:L$33) -> 1
P33: =IFERROR(L31/SUM(N31:O33),0) -> 0

Sheet C liga
B1: =VLOOKUP(CONCATENATE(LEFT($A$2,1),COLUMN()-1),nevezettek,3,FALSE) -> Székely Árpád | C1: =VLOOKUP(CONCATENATE(LEFT($A$2,1),COLUMN()-1),nevezettek,3,FALSE) -> Tóth Bálint | D1: =VLOOKUP(CONCATENATE(LEFT($A$2,1),COLUMN()-1),nevezettek,3,FALSE) -> Börzsönyi Balázs | E1: =VLOOKUP(CONCATENATE(LEFT($A$2,1),COLUMN()-1),nevezettek,3,FALSE) -> Kmet Alex | F1: =VLOOKUP(CONCATENATE(LEFT($A$2,1),COLUMN()-1),nevezettek,3,FALSE) -> Bartus Péter | G1: =VLOOKUP(CONCATENATE(LEFT($A$2,1),COLUMN()-1),nevezettek,3,FALSE) -> Fekete Tamás | H1: =VLOOKUP(CONCATENATE(LEFT($A$2,1),COLUMN()-1),nevezettek,3,FALSE) -> Varga Tamás | I1: =VLOOKUP(CONCATENATE(LEFT($A$2,1),COLUMN()-1),nevezettek,3,FALSE) -> Hatos Balázs | ... L1: =VLOOKUP(CONCATENATE(LEFT($A$2,1),COLUMN()-1),nevezettek,3,FALSE) -> 0 | M1: összpont-szám | N1: Győze-lem | O1: Nyert szett | P1: Vesztett szett | Q1: helyezés (hatékonyság)
A2: =RIGHT(CELL("filename",A1),6) -> C liga
A3: =COUNTIF(Ligabeosztas!D:D,LEFT(A2,1)) -> 11
A4: =B1 -> Székely Árpád | M4: =5*(COUNTIF(B4:L6,"5/0")+COUNTIF(B4:L6,"4/1")+COUNTIF(B4:L6,"3/2")+COUNTIF(B4:L6,"5/-"))+3*COUNTIF(B4:L6,"2/3")+2*COUNTIF(B4:L6,"1/4")+COUNTIF(B4:L6,"0/5")+0.01*N4+0.0001*(O4) -> 0 | N4: =1*COUNTIF(B4:L6,"5/0")+1*COUNTIF(B4:L6,"4/1")+1*COUNTIF(B4:L6,"3/2")+1*COUNTIF(B4:L6,"5/-")+0*COUNTIF(B4:L6,"2/3")+0*COUNTIF(B4:L6,"1/4")+0*COUNTIF(B4:L6,"0/5") -> 0 | O4: =5*COUNTIF(B4:L6,"5/0")+4*COUNTIF(B4:L6,"4/1")+3*COUNTIF(B4:L6,"3/2")+5*COUNTIF(B4:L6,"5/-")+2*COUNTIF(B4:L6,"2/3")+1*COUNTIF(B4:L6,"1/4")+0*COUNTIF(B4:L6,"0/5") -> 0 | P4: =0*COUNTIF(B4:L6,"5/0")+1*COUNTIF(B4:L6,"4/1")+2*COUNTIF(B4:L6,"3/2")+3*COUNTIF(B4:L6,"2/3")+4*COUNTIF(B4:L6,"1/4")+5*COUNTIF(B4:L6,"0/5")+5*COUNTIF(B4:L6,"-/5") -> 0 | Q4: =RANK(M4,M$4:M$36) -> 1
Q6: =IFERROR(M4/SUM(O4:P6),0) -> 0
A7: =C1 -> Tóth Bálint | M7: =5*(COUNTIF(B7:L9,"5/0")+COUNTIF(B7:L9,"4/1")+COUNTIF(B7:L9,"3/2")+COUNTIF(B7:L9,"5/-"))+3*COUNTIF(B7:L9,"2/3")+2*COUNTIF(B7:L9,"1/4")+COUNTIF(B7:L9,"0/5")+0.01*N7+0.0001*(O7) -> 0 | N7: =1*COUNTIF(B7:L9,"5/0")+1*COUNTIF(B7:L9,"4/1")+1*COUNTIF(B7:L9,"3/2")+1*COUNTIF(B7:L9,"5/-")+0*COUNTIF(B7:L9,"2/3")+0*COUNTIF(B7:L9,"1/4")+0*COUNTIF(B7:L9,"0/5") -> 0 | O7: =5*COUNTIF(B7:L9,"5/0")+4*COUNTIF(B7:L9,"4/1")+3*COUNTIF(B7:L9,"3/2")+5*COUNTIF(B7:L9,"5/-")+2*COUNTIF(B7:L9,"2/3")+1*COUNTIF(B7:L9,"1/4")+0*COUNTIF(B7:L9,"0/5") -> 0 | P7: =0*COUNTIF(B7:L9,"5/0")+1*COUNTIF(B7:L9,"4/1")+2*COUNTIF(B7:L9,"3/2")+3*COUNTIF(B7:L9,"2/3")+4*COUNTIF(B7:L9,"1/4")+5*COUNTIF(B7:L9,"0/5")+5*COUNTIF(B7:L9,"-/5") -> 0 | Q7: =RANK(M7,M$4:M$36) -> 1
Q9: =IFERROR(M7/SUM(O7:P9),0) -> 0
A10: =D1 -> Börzsönyi Balázs | M10: =5*(COUNTIF(B10:L12,"5/0")+COUNTIF(B10:L12,"4/1")+COUNTIF(B10:L12,"3/2")+COUNTIF(B10:L12,"5/-"))+3*COUNTIF(B10:L12,"2/3")+2*COUNTIF(B10:L12,"1/4")+COUNTIF(B10:L12,"0/5")+0.01*N10+0.0001*(O10) -> 0 | N10: =1*COUNTIF(B10:L12,"5/0")+1*COUNTIF(B10:L12,"4/1")+1*COUNTIF(B10:L12,"3/2")+1*COUNTIF(B10:L12,"5/-")+0*COUNTIF(B10:L12,"2/3")+0*COUNTIF(B10:L12,"1/4")+0*COUNTIF(B10:L12,"0/5") -> 0 | O10: =5*COUNTIF(B10:L12,"5/0")+4*COUNTIF(B10:L12,"4/1")+3*COUNTIF(B10:L12,"3/2")+5*COUNTIF(B10:L12,"5/-")+2*COUNTIF(B10:L12,"2/3")+1*COUNTIF(B10:L12,"1/4")+0*COUNTIF(B10:L12,"0/5") -> 0 | P10: =0*COUNTIF(B10:L12,"5/0")+1*COUNTIF(B10:L12,"4/1")+2*COUNTIF(B10:L12,"3/2")+3*COUNTIF(B10:L12,"2/3")+4*COUNTIF(B10:L12,"1/4")+5*COUNTIF(B10:L12,"0/5")+5*COUNTIF(B10:L12,"-/5") -> 0 | Q10: =RANK(M10,M$4:M$36) -> 1
Q12: =IFERROR(M10/SUM(O10:P12),0) -> 0
A13: =E1 -> Kmet Alex | M13: =5*(COUNTIF(B13:L15,"5/0")+COUNTIF(B13:L15,"4/1")+COUNTIF(B13:L15,"3/2")+COUNTIF(B13:L15,"5/-"))+3*COUNTIF(B13:L15,"2/3")+2*COUNTIF(B13:L15,"1/4")+COUNTIF(B13:L15,"0/5")+0.01*N13+0.0001*(O13) -> 0 | N13: =1*COUNTIF(B13:L15,"5/0")+1*COUNTIF(B13:L15,"4/1")+1*COUNTIF(B13:L15,"3/2")+1*COUNTIF(B13:L15,"5/-")+0*COUNTIF(B13:L15,"2/3")+0*COUNTIF(B13:L15,"1/4")+0*COUNTIF(B13:L15,"0/5") -> 0 | O13: =5*COUNTIF(B13:L15,"5/0")+4*COUNTIF(B13:L15,"4/1")+3*COUNTIF(B13:L15,"3/2")+5*COUNTIF(B13:L15,"5/-")+2*COUNTIF(B13:L15,"2/3")+1*COUNTIF(B13:L15,"1/4")+0*COUNTIF(B13:L15,"0/5") -> 0 | P13: =0*COUNTIF(B13:L15,"5/0")+1*COUNTIF(B13:L15,"4/1")+2*COUNTIF(B13:L15,"3/2")+3*COUNTIF(B13:L15,"2/3")+4*COUNTIF(B13:L15,"1/4")+5*COUNTIF(B13:L15,"0/5")+5*COUNTIF(B13:L15,"-/5") -> 0 | Q13: =RANK(M13,M$4:M$36) -> 1
Q15: =IFERROR(M13/SUM(O13:P15),0) -> 0
A16: =F1 -> Bartus Péter | M16: =5*(COUNTIF(B16:L18,"5/0")+COUNTIF(B16:L18,"4/1")+COUNTIF(B16:L18,"3/2")+COUNTIF(B16:L18,"5/-"))+3*COUNTIF(B16:L18,"2/3")+2*COUNTIF(B16:L18,"1/4")+COUNTIF(B16:L18,"0/5")+0.01*N16+0.0001*(O16) -> 0 | N16: =1*COUNTIF(B16:L18,"5/0")+1*COUNTIF(B16:L18,"4/1")+1*COUNTIF(B16:L18,"3/2")+1*COUNTIF(B16:L18,"5/-")+0*COUNTIF(B16:L18,"2/3")+0*COUNTIF(B16:L18,"1/4")+0*COUNTIF(B16:L18,"0/5") -> 0 | O16: =5*COUNTIF(B16:L18,"5/0")+4*COUNTIF(B16:L18,"4/1")+3*COUNTIF(B16:L18,"3/2")+5*COUNTIF(B16:L18,"5/-")+2*COUNTIF(B16:L18,"2/3")+1*COUNTIF(B16:L18,"1/4")+0*COUNTIF(B16:L18,"0/5") -> 0 | P16: =0*COUNTIF(B16:L18,"5/0")+1*COUNTIF(B16:L18,"4/1")+2*COUNTIF(B16:L18,"3/2")+3*COUNTIF(B16:L18,"2/3")+4*COUNTIF(B16:L18,"1/4")+5*COUNTIF(B16:L18,"0/5")+5*COUNTIF(B16:L18,"-/5") -> 0 | Q16: =RANK(M16,M$4:M$36) -> 1
Q18: =IFERROR(M16/SUM(O16:P18),0) -> 0
A19: =G1 -> Fekete Tamás | M19: =5*(COUNTIF(B19:L21,"5/0")+COUNTIF(B19:L21,"4/1")+COUNTIF(B19:L21,"3/2")+COUNTIF(B19:L21,"5/-"))+3*COUNTIF(B19:L21,"2/3")+2*COUNTIF(B19:L21,"1/4")+COUNTIF(B19:L21,"0/5")+0.01*N19+0.0001*(O19) -> 0 | N19: =1*COUNTIF(B19:L21,"5/0")+1*COUNTIF(B19:L21,"4/1")+1*COUNTIF(B19:L21,"3/2")+1*COUNTIF(B19:L21,"5/-")+0*COUNTIF(B19:L21,"2/3")+0*COUNTIF(B19:L21,"1/4")+0*COUNTIF(B19:L21,"0/5") -> 0 | O19: =5*COUNTIF(B19:L21,"5/0")+4*COUNTIF(B19:L21,"4/1")+3*COUNTIF(B19:L21,"3/2")+5*COUNTIF(B19:L21,"5/-")+2*COUNTIF(B19:L21,"2/3")+1*COUNTIF(B19:L21,"1/4")+0*COUNTIF(B19:L21,"0/5") -> 0 | P19: =0*COUNTIF(B19:L21,"5/0")+1*COUNTIF(B19:L21,"4/1")+2*COUNTIF(B19:L21,"3/2")+3*COUNTIF(B19:L21,"2/3")+4*COUNTIF(B19:L21,"1/4")+5*COUNTIF(B19:L21,"0/5")+5*COUNTIF(B19:L21,"-/5") -> 0 | Q19: =RANK(M19,M$4:M$36) -> 1
Q21: =IFERROR(M19/SUM(O19:P21),0) -> 0
A22: =H1 -> Varga Tamás | M22: =5*(COUNTIF(B22:L24,"5/0")+COUNTIF(B22:L24,"4/1")+COUNTIF(B22:L24,"3/2")+COUNTIF(B22:L24,"5/-"))+3*COUNTIF(B22:L24,"2/3")+2*COUNTIF(B22:L24,"1/4")+COUNTIF(B22:L24,"0/5")+0.01*N22+0.0001*(O22) -> 0 | N22: =1*COUNTIF(B22:L24,"5/0")+1*COUNTIF(B22:L24,"4/1")+1*COUNTIF(B22:L24,"3/2")+1*COUNTIF(B22:L24,"5/-")+0*COUNTIF(B22:L24,"2/3")+0*COUNTIF(B22:L24,"1/4")+0*COUNTIF(B22:L24,"0/5") -> 0 | O22: =5*COUNTIF(B22:L24,"5/0")+4*COUNTIF(B22:L24,"4/1")+3*COUNTIF(B22:L24,"3/2")+5*COUNTIF(B22:L24,"5/-")+2*COUNTIF(B22:L24,"2/3")+1*COUNTIF(B22:L24,"1/4")+0*COUNTIF(B22:L24,"0/5") -> 0 | P22: =0*COUNTIF(B22:L24,"5/0")+1*COUNTIF(B22:L24,"4/1")+2*COUNTIF(B22:L24,"3/2")+3*COUNTIF(B22:L24,"2/3")+4*COUNTIF(B22:L24,"1/4")+5*COUNTIF(B22:L24,"0/5")+5*COUNTIF(B22:L24,"-/5") -> 0 | Q22: =RANK(M22,M$4:M$36) -> 1
Q24: =IFERROR(M22/SUM(O22:P24),0) -> 0
A25: =I1 -> Hatos Balázs | M25: =5*(COUNTIF(B25:L27,"5/0")+COUNTIF(B25:L27,"4/1")+COUNTIF(B25:L27,"3/2")+COUNTIF(B25:L27,"5/-"))+3*COUNTIF(B25:L27,"2/3")+2*COUNTIF(B25:L27,"1/4")+COUNTIF(B25:L27,"0/5")+0.01*N25+0.0001*(O25) -> 0 | N25: =1*COUNTIF(B25:L27,"5/0")+1*COUNTIF(B25:L27,"4/1")+1*COUNTIF(B25:L27,"3/2")+1*COUNTIF(B25:L27,"5/-")+0*COUNTIF(B25:L27,"2/3")+0*COUNTIF(B25:L27,"1/4")+0*COUNTIF(B25:L27,"0/5") -> 0 | O25: =5*COUNTIF(B25:L27,"5/0")+4*COUNTIF(B25:L27,"4/1")+3*COUNTIF(B25:L27,"3/2")+5*COUNTIF(B25:L27,"5/-")+2*COUNTIF(B25:L27,"2/3")+1*COUNTIF(B25:L27,"1/4")+0*COUNTIF(B25:L27,"0/5") -> 0 | P25: =0*COUNTIF(B25:L27,"5/0")+1*COUNTIF(B25:L27,"4/1")+2*COUNTIF(B25:L27,"3/2")+3*COUNTIF(B25:L27,"2/3")+4*COUNTIF(B25:L27,"1/4")+5*COUNTIF(B25:L27,"0/5")+5*COUNTIF(B25:L27,"-/5") -> 0 | Q25: =RANK(M25,M$4:M$36) -> 1
Q27: =IFERROR(M25/SUM(O25:P27),0) -> 0
A28: =J1 -> 0 | M28: =5*(COUNTIF(B28:L30,"5/0")+COUNTIF(B28:L30,"4/1")+COUNTIF(B28:L30,"3/2")+COUNTIF(B28:L30,"5/-"))+3*COUNTIF(B28:L30,"2/3")+2*COUNTIF(B28:L30,"1/4")+COUNTIF(B28:L30,"0/5")+0.01*N28+0.0001*(O28) -> 0 | N28: =1*COUNTIF(B28:L30,"5/0")+1*COUNTIF(B28:L30,"4/1")+1*COUNTIF(B28:L30,"3/2")+1*COUNTIF(B28:L30,"5/-")+0*COUNTIF(B28:L30,"2/3")+0*COUNTIF(B28:L30,"1/4")+0*COUNTIF(B28:L30,"0/5") -> 0 | O28: =5*COUNTIF(B28:L30,"5/0")+4*COUNTIF(B28:L30,"4/1")+3*COUNTIF(B28:L30,"3/2")+5*COUNTIF(B28:L30,"5/-")+2*COUNTIF(B28:L30,"2/3")+1*COUNTIF(B28:L30,"1/4")+0*COUNTIF(B28:L30,"0/5") -> 0 | P28: =0*COUNTIF(B28:L30,"5/0")+1*COUNTIF(B28:L30,"4/1")+2*COUNTIF(B28:L30,"3/2")+3*COUNTIF(B28:L30,"2/3")+4*COUNTIF(B28:L30,"1/4")+5*COUNTIF(B28:L30,"0/5")+5*COUNTIF(B28:L30,"-/5") -> 0 | Q28: =RANK(M28,M$4:M$36) -> 1
Q30: =IFERROR(M28/SUM(O28:P30),0) -> 0
A31: =K1 -> 0 | M31: =5*(COUNTIF(B31:L33,"5/0")+COUNTIF(B31:L33,"4/1")+COUNTIF(B31:L33,"3/2")+COUNTIF(B31:L33,"5/-"))+3*COUNTIF(B31:L33,"2/3")+2*COUNTIF(B31:L33,"1/4")+COUNTIF(B31:L33,"0/5")+0.01*N31+0.0001*(O31) -> 0 | N31: =1*COUNTIF(B31:L33,"5/0")+1*COUNTIF(B31:L33,"4/1")+1*COUNTIF(B31:L33,"3/2")+1*COUNTIF(B31:L33,"5/-")+0*COUNTIF(B31:L33,"2/3")+0*COUNTIF(B31:L33,"1/4")+0*COUNTIF(B31:L33,"0/5") -> 0 | O31: =5*COUNTIF(B31:L33,"5/0")+4*COUNTIF(B31:L33,"4/1")+3*COUNTIF(B31:L33,"3/2")+5*COUNTIF(B31:L33,"5/-")+2*COUNTIF(B31:L33,"2/3")+1*COUNTIF(B31:L33,"1/4")+0*COUNTIF(B31:L33,"0/5") -> 0 | P31: =0*COUNTIF(B31:L33,"5/0")+1*COUNTIF(B31:L33,"4/1")+2*COUNTIF(B31:L33,"3/2")+3*COUNTIF(B31:L33,"2/3")+4*COUNTIF(B31:L33,"1/4")+5*COUNTIF(B31:L33,"0/5")+5*COUNTIF(B31:L33,"-/5") -> 0 | Q31: =RANK(M31,M$4:M$36) -> 1
Q33: =IFERROR(M31/SUM(O31:P33),0) -> 0
A34: =L1 -> 0 | M34: =5*(COUNTIF(B34:L36,"5/0")+COUNTIF(B34:L36,"4/1")+COUNTIF(B34:L36,"3/2")+COUNTIF(B34:L36,"5/-"))+3*COUNTIF(B34:L36,"2/3")+2*COUNTIF(B34:L36,"1/4")+COUNTIF(B34:L36,"0/5")+0.01*N34+0.0001*(O34) -> 0 | N34: =1*COUNTIF(B34:L36,"5/0")+1*COUNTIF(B34:L36,"4/1")+1*COUNTIF(B34:L36,"3/2")+1*COUNTIF(B34:L36,"5/-")+0*COUNTIF(B34:L36,"2/3")+0*COUNTIF(B34:L36,"1/4")+0*COUNTIF(B34:L36,"0/5") -> 0 | O34: =5*COUNTIF(B34:L36,"5/0")+4*COUNTIF(B34:L36,"4/1")+3*COUNTIF(B34:L36,"3/2")+5*COUNTIF(B34:L36,"5/-")+2*COUNTIF(B34:L36,"2/3")+1*COUNTIF(B34:L36,"1/4")+0*COUNTIF(B34:L36,"0/5") -> 0 | P34: =0*COUNTIF(B34:L36,"5/0")+1*COUNTIF(B34:L36,"4/1")+2*COUNTIF(B34:L36,"3/2")+3*COUNTIF(B34:L36,"2/3")+4*COUNTIF(B34:L36,"1/4")+5*COUNTIF(B34:L36,"0/5")+5*COUNTIF(B34:L36,"-/5") -> 0 | Q34: =RANK(M34,M$4:M$36) -> 1
Q36: =IFERROR(M34/SUM(O34:P36),0) -> 0

Sheet D liga
B1: =VLOOKUP(CONCATENATE(LEFT($A$2,1),COLUMN()-1),nevezettek,3,FALSE) -> Bankits Csaba | C1: =VLOOKUP(CONCATENATE(LEFT($A$2,1),COLUMN()-1),nevezettek,3,FALSE) -> Makszin Miklós | D1: =VLOOKUP(CONCATENATE(LEFT($A$2,1),COLUMN()-1),nevezettek,3,FALSE) -> Bíró Zoltán | E1: =VLOOKUP(CONCATENATE(LEFT($A$2,1),COLUMN()-1),nevezettek,3,FALSE) -> Zsoldos Tamás | F1: =VLOOKUP(CONCATENATE(LEFT($A$2,1),COLUMN()-1),nevezettek,3,FALSE) -> Lukács Dániel | G1: =VLOOKUP(CONCATENATE(LEFT($A$2,1),COLUMN()-1),nevezettek,3,FALSE) -> Molnár Milán | H1: =VLOOKUP(CONCATENATE(LEFT($A$2,1),COLUMN()-1),nevezettek,3,FALSE) -> Bognár Barna | I1: =VLOOKUP(CONCATENATE(LEFT($A$2,1),COLUMN()-1),nevezettek,3,FALSE) -> Gáspár Júlia | ... L1: =VLOOKUP(CONCATENATE(LEFT($A$2,1),COLUMN()-1),nevezettek,3,FALSE) -> 0 | M1: összpont-szám | N1: Győze-lem | O1: Nyert szett | P1: Vesztett szett | Q1: helyezés (hatékonyság)
A2: =RIGHT(CELL("filename",A1),6) -> D liga
A3: =COUNTIF(Ligabeosztas!D:D,LEFT(A2,1)) -> 11
A4: =B1 -> Bankits Csaba | I4: 5/0 | M4: =5*(COUNTIF(B4:L6,"5/0")+COUNTIF(B4:L6,"4/1")+COUNTIF(B4:L6,"3/2")+COUNTIF(B4:L6,"5/-"))+3*COUNTIF(B4:L6,"2/3")+2*COUNTIF(B4:L6,"1/4")+COUNTIF(B4:L6,"0/5")+0.01*N4+0.0001*(O4) -> 5.0105 | N4: =1*COUNTIF(B4:L6,"5/0")+1*COUNTIF(B4:L6,"4/1")+1*COUNTIF(B4:L6,"3/2")+1*COUNTIF(B4:L6,"5/-")+0*COUNTIF(B4:L6,"2/3")+0*COUNTIF(B4:L6,"1/4")+0*COUNTIF(B4:L6,"0/5") -> 1 | O4: =5*COUNTIF(B4:L6,"5/0")+4*COUNTIF(B4:L6,"4/1")+3*COUNTIF(B4:L6,"3/2")+5*COUNTIF(B4:L6,"5/-")+2*COUNTIF(B4:L6,"2/3")+1*COUNTIF(B4:L6,"1/4")+0*COUNTIF(B4:L6,"0/5") -> 5 | P4: =0*COUNTIF(B4:L6,"5/0")+1*COUNTIF(B4:L6,"4/1")+2*COUNTIF(B4:L6,"3/2")+3*COUNTIF(B4:L6,"2/3")+4*COUNTIF(B4:L6,"1/4")+5*COUNTIF(B4:L6,"0/5")+5*COUNTIF(B4:L6,"-/5") -> 0 | Q4: =RANK(M4,M$4:M$36) -> 2
Q6: =IFERROR(M4/SUM(O4:P6),0) -> 1.0021
A7: =C1 -> Makszin Miklós | M7: =5*(COUNTIF(B7:L9,"5/0")+COUNTIF(B7:L9,"4/1")+COUNTIF(B7:L9,"3/2")+COUNTIF(B7:L9,"5/-"))+3*COUNTIF(B7:L9,"2/3")+2*COUNTIF(B7:L9,"1/4")+COUNTIF(B7:L9,"0/5")+0.01*N7+0.0001*(O7) -> 0 | N7: =1*COUNTIF(B7:L9,"5/0")+1*COUNTIF(B7:L9,"4/1")+1*COUNTIF(B7:L9,"3/2")+1*COUNTIF(B7:L9,"5/-")+0*COUNTIF(B7:L9,"2/3")+0*COUNTIF(B7:L9,"1/4")+0*COUNTIF(B7:L9,"0/5") -> 0 | O7: =5*COUNTIF(B7:L9,"5/0")+4*COUNTIF(B7:L9,"4/1")+3*COUNTIF(B7:L9,"3/2")+5*COUNTIF(B7:L9,"5/-")+2*COUNTIF(B7:L9,"2/3")+1*COUNTIF(B7:L9,"1/4")+0*COUNTIF(B7:L9,"0/5") -> 0 | P7: =0*COUNTIF(B7:L9,"5/0")+1*COUNTIF(B7:L9,"4/1")+2*COUNTIF(B7:L9,"3/2")+3*COUNTIF(B7:L9,"2/3")+4*COUNTIF(B7:L9,"1/4")+5*COUNTIF(B7:L9,"0/5")+5*COUNTIF(B7:L9,"-/5") -> 0 | Q7: =RANK(M7,M$4:M$36) -> 6
Q9: =IFERROR(M7/SUM(O7:P9),0) -> 0
A10: =D1 -> Bíró Zoltán | M10: =5*(COUNTIF(B10:L12,"5/0")+COUNTIF(B10:L12,"4/1")+COUNTIF(B10:L12,"3/2")+COUNTIF(B10:L12,"5/-"))+3*COUNTIF(B10:L12,"2/3")+2*COUNTIF(B10:L12,"1/4")+COUNTIF(B10:L12,"0/5")+0.01*N10+0.0001*(O10) -> 0 | N10: =1*COUNTIF(B10:L12,"5/0")+1*COUNTIF(B10:L12,"4/1")+1*COUNTIF(B10:L12,"3/2")+1*COUNTIF(B10:L12,"5/-")+0*COUNTIF(B10:L12,"2/3")+0*COUNTIF(B10:L12,"1/4")+0*COUNTIF(B10:L12,"0/5") -> 0 | O10: =5*COUNTIF(B10:L12,"5/0")+4*COUNTIF(B10:L12,"4/1")+3*COUNTIF(B10:L12,"3/2")+5*COUNTIF(B10:L12,"5/-")+2*COUNTIF(B10:L12,"2/3")+1*COUNTIF(B10:L12,"1/4")+0*COUNTIF(B10:L12,"0/5") -> 0 | P10: =0*COUNTIF(B10:L12,"5/0")+1*COUNTIF(B10:L12,"4/1")+2*COUNTIF(B10:L12,"3/2")+3*COUNTIF(B10:L12,"2/3")+4*COUNTIF(B10:L12,"1/4")+5*COUNTIF(B10:L12,"0/5")+5*COUNTIF(B10:L12,"-/5") -> 0 | Q10: =RANK(M10,M$4:M$36) -> 6
Q12: =IFERROR(M10/SUM(O10:P12),0) -> 0
A13: =E1 -> Zsoldos Tamás | G13: 5/0 | H13: 5/0 | M13: =5*(COUNTIF(B13:L15,"5/0")+COUNTIF(B13:L15,"4/1")+COUNTIF(B13:L15,"3/2")+COUNTIF(B13:L15,"5/-"))+3*COUNTIF(B13:L15,"2/3")+2*COUNTIF(B13:L15,"1/4")+COUNTIF(B13:L15,"0/5")+0.01*N13+0.0001*(O13) -> 10.021 | N13: =1*COUNTIF(B13:L15,"5/0")+1*COUNTIF(B13:L15,"4/1")+1*COUNTIF(B13:L15,"3/2")+1*COUNTIF(B13:L15,"5/-")+0*COUNTIF(B13:L15,"2/3")+0*COUNTIF(B13:L15,"1/4")+0*COUNTIF(B13:L15,"0/5") -> 2 | O13: =5*COUNTIF(B13:L15,"5/0")+4*COUNTIF(B13:L15,"4/1")+3*COUNTIF(B13:L15,"3/2")+5*COUNTIF(B13:L15,"5/-")+2*COUNTIF(B13:L15,"2/3")+1*COUNTIF(B13:L15,"1/4")+0*COUNTIF(B13:L15,"0/5") -> 10 | P13: =0*COUNTIF(B13:L15,"5/0")+1*COUNTIF(B13:L15,"4/1")+2*COUNTIF(B13:L15,"3/2")+3*COUNTIF(B13:L15,"2/3")+4*COUNTIF(B13:L15,"1/4")+5*COUNTIF(B13:L15,"0/5")+5*COUNTIF(B13:L15,"-/5") -> 0 | Q13: =RANK(M13,M$4:M$36) -> 1
Q15: =IFERROR(M13/SUM(O13:P15),0) -> 1.0021
A16: =F1 -> Lukács Dániel | M16: =5*(COUNTIF(B16:L18,"5/0")+COUNTIF(B16:L18,"4/1")+COUNTIF(B16:L18,"3/2")+COUNTIF(B16:L18,"5/-"))+3*COUNTIF(B16:L18,"2/3")+2*COUNTIF(B16:L18,"1/4")+COUNTIF(B16:L18,"0/5")+0.01*N16+0.0001*(O16) -> 0 | N16: =1*COUNTIF(B16:L18,"5/0")+1*COUNTIF(B16:L18,"4/1")+1*COUNTIF(B16:L18,"3/2")+1*COUNTIF(B16:L18,"5/-")+0*COUNTIF(B16:L18,"2/3")+0*COUNTIF(B16:L18,"1/4")+0*COUNTIF(B16:L18,"0/5") -> 0 | O16: =5*COUNTIF(B16:L18,"5/0")+4*COUNTIF(B16:L18,"4/1")+3*COUNTIF(B16:L18,"3/2")+5*COUNTIF(B16:L18,"5/-")+2*COUNTIF(B16:L18,"2/3")+1*COUNTIF(B16:L18,"1/4")+0*COUNTIF(B16:L18,"0/5") -> 0 | P16: =0*COUNTIF(B16:L18,"5/0")+1*COUNTIF(B16:L18,"4/1")+2*COUNTIF(B16:L18,"3/2")+3*COUNTIF(B16:L18,"2/3")+4*COUNTIF(B16:L18,"1/4")+5*COUNTIF(B16:L18,"0/5")+5*COUNTIF(B16:L18,"-/5") -> 0 | Q16: =RANK(M16,M$4:M$36) -> 6
Q18: =IFERROR(M16/SUM(O16:P18),0) -> 0
A19: =G1 -> Molnár Milán | E19: 0/5 | M19: =5*(COUNTIF(B19:L21,"5/0")+COUNTIF(B19:L21,"4/1")+COUNTIF(B19:L21,"3/2")+COUNTIF(B19:L21,"5/-"))+3*COUNTIF(B19:L21,"2/3")+2*COUNTIF(B19:L21,"1/4")+COUNTIF(B19:L21,"0/5")+0.01*N19+0.0001*(O19) -> 1 | N19: =1*COUNTIF(B19:L21,"5/0")+1*COUNTIF(B19:L21,"4/1")+1*COUNTIF(B19:L21,"3/2")+1*COUNTIF(B19:L21,"5/-")+0*COUNTIF(B19:L21,"2/3")+0*COUNTIF(B19:L21,"1/4")+0*COUNTIF(B19:L21,"0/5") -> 0 | O19: =5*COUNTIF(B19:L21,"5/0")+4*COUNTIF(B19:L21,"4/1")+3*COUNTIF(B19:L21,"3/2")+5*COUNTIF(B19:L21,"5/-")+2*COUNTIF(B19:L21,"2/3")+1*COUNTIF(B19:L21,"1/4")+0*COUNTIF(B19:L21,"0/5") -> 0 | P19: =0*COUNTIF(B19:L21,"5/0")+1*COUNTIF(B19:L21,"4/1")+2*COUNTIF(B19:L21,"3/2")+3*COUNTIF(B19:L21,"2/3")+4*COUNTIF(B19:L21,"1/4")+5*COUNTIF(B19:L21,"0/5")+5*COUNTIF(B19:L21,"-/5") -> 5 | Q19: =RANK(M19,M$4:M$36) -> 3
Q21: =IFERROR(M19/SUM(O19:P21),0) -> 0.2
A22: =H1 -> Bognár Barna | E22: 0/5 | M22: =5*(COUNTIF(B22:L24,"5/0")+COUNTIF(B22:L24,"4/1")+COUNTIF(B22:L24,"3/2")+COUNTIF(B22:L24,"5/-"))+3*COUNTIF(B22:L24,"2/3")+2*COUNTIF(B22:L24,"1/4")+COUNTIF(B22:L24,"0/5")+0.01*N22+0.0001*(O22) -> 1 | N22: =1*COUNTIF(B22:L24,"5/0")+1*COUNTIF(B22:L24,"4/1")+1*COUNTIF(B22:L24,"3/2")+1*COUNTIF(B22:L24,"5/-")+0*COUNTIF(B22:L24,"2/3")+0*COUNTIF(B22:L24,"1/4")+0*COUNTIF(B22:L24,"0/5") -> 0 | O22: =5*COUNTIF(B22:L24,"5/0")+4*COUNTIF(B22:L24,"4/1")+3*COUNTIF(B22:L24,"3/2")+5*COUNTIF(B22:L24,"5/-")+2*COUNTIF(B22:L24,"2/3")+1*COUNTIF(B22:L24,"1/4")+0*COUNTIF(B22:L24,"0/5") -> 0 | P22: =0*COUNTIF(B22:L24,"5/0")+1*COUNTIF(B22:L24,"4/1")+2*COUNTIF(B22:L24,"3/2")+3*COUNTIF(B22:L24,"2/3")+4*COUNTIF(B22:L24,"1/4")+5*COUNTIF(B22:L24,"0/5")+5*COUNTIF(B22:L24,"-/5") -> 5 | Q22: =RANK(M22,M$4:M$36) -> 3
Q24: =IFERROR(M22/SUM(O22:P24),0) -> 0.2
A25: =I1 -> Gáspár Júlia | B25: 0/5 | M25: =5*(COUNTIF(B25:L27,"5/0")+COUNTIF(B25:L27,"4/1")+COUNTIF(B25:L27,"3/2")+COUNTIF(B25:L27,"5/-"))+3*COUNTIF(B25:L27,"2/3")+2*COUNTIF(B25:L27,"1/4")+COUNTIF(B25:L27,"0/5")+0.01*N25+0.0001*(O25) -> 1 | N25: =1*COUNTIF(B25:L27,"5/0")+1*COUNTIF(B25:L27,"4/1")+1*COUNTIF(B25:L27,"3/2")+1*COUNTIF(B25:L27,"5/-")+0*COUNTIF(B25:L27,"2/3")+0*COUNTIF(B25:L27,"1/4")+0*COUNTIF(B25:L27,"0/5") -> 0 | O25: =5*COUNTIF(B25:L27,"5/0")+4*COUNTIF(B25:L27,"4/1")+3*COUNTIF(B25:L27,"3/2")+5*COUNTIF(B25:L27,"5/-")+2*COUNTIF(B25:L27,"2/3")+1*COUNTIF(B25:L27,"1/4")+0*COUNTIF(B25:L27,"0/5") -> 0 | P25: =0*COUNTIF(B25:L27,"5/0")+1*COUNTIF(B25:L27,"4/1")+2*COUNTIF(B25:L27,"3/2")+3*COUNTIF(B25:L27,"2/3")+4*COUNTIF(B25:L27,"1/4")+5*COUNTIF(B25:L27,"0/5")+5*COUNTIF(B25:L27,"-/5") -> 5 | Q25: =RANK(M25,M$4:M$36) -> 3
Q27: =IFERROR(M25/SUM(O25:P27),0) -> 0.2
A28: =J1 -> 0 | M28: =5*(COUNTIF(B28:L30,"5/0")+COUNTIF(B28:L30,"4/1")+COUNTIF(B28:L30,"3/2")+COUNTIF(B28:L30,"5/-"))+3*COUNTIF(B28:L30,"2/3")+2*COUNTIF(B28:L30,"1/4")+COUNTIF(B28:L30,"0/5")+0.01*N28+0.0001*(O28) -> 0 | N28: =1*COUNTIF(B28:L30,"5/0")+1*COUNTIF(B28:L30,"4/1")+1*COUNTIF(B28:L30,"3/2")+1*COUNTIF(B28:L30,"5/-")+0*COUNTIF(B28:L30,"2/3")+0*COUNTIF(B28:L30,"1/4")+0*COUNTIF(B28:L30,"0/5") -> 0 | O28: =5*COUNTIF(B28:L30,"5/0")+4*COUNTIF(B28:L30,"4/1")+3*COUNTIF(B28:L30,"3/2")+5*COUNTIF(B28:L30,"5/-")+2*COUNTIF(B28:L30,"2/3")+1*COUNTIF(B28:L30,"1/4")+0*COUNTIF(B28:L30,"0/5") -> 0 | P28: =0*COUNTIF(B28:L30,"5/0")+1*COUNTIF(B28:L30,"4/1")+2*COUNTIF(B28:L30,"3/2")+3*COUNTIF(B28:L30,"2/3")+4*COUNTIF(B28:L30,"1/4")+5*COUNTIF(B28:L30,"0/5")+5*COUNTIF(B28:L30,"-/5") -> 0 | Q28: =RANK(M28,M$4:M$36) -> 6
Q30: =IFERROR(M28/SUM(O28:P30),0) -> 0
A31: =K1 -> 0 | M31: =5*(COUNTIF(B31:L33,"5/0")+COUNTIF(B31:L33,"4/1")+COUNTIF(B31:L33,"3/2")+COUNTIF(B31:L33,"5/-"))+3*COUNTIF(B31:L33,"2/3")+2*COUNTIF(B31:L33,"1/4")+COUNTIF(B31:L33,"0/5")+0.01*N31+0.0001*(O31) -> 0 | N31: =1*COUNTIF(B31:L33,"5/0")+1*COUNTIF(B31:L33,"4/1")+1*COUNTIF(B31:L33,"3/2")+1*COUNTIF(B31:L33,"5/-")+0*COUNTIF(B31:L33,"2/3")+0*COUNTIF(B31:L33,"1/4")+0*COUNTIF(B31:L33,"0/5") -> 0 | O31: =5*COUNTIF(B31:L33,"5/0")+4*COUNTIF(B31:L33,"4/1")+3*COUNTIF(B31:L33,"3/2")+5*COUNTIF(B31:L33,"5/-")+2*COUNTIF(B31:L33,"2/3")+1*COUNTIF(B31:L33,"1/4")+0*COUNTIF(B31:L33,"0/5") -> 0 | P31: =0*COUNTIF(B31:L33,"5/0")+1*COUNTIF(B31:L33,"4/1")+2*COUNTIF(B31:L33,"3/2")+3*COUNTIF(B31:L33,"2/3")+4*COUNTIF(B31:L33,"1/4")+5*COUNTIF(B31:L33,"0/5")+5*COUNTIF(B31:L33,"-/5") -> 0 | Q31: =RANK(M31,M$4:M$36) -> 6
Q33: =IFERROR(M31/SUM(O31:P33),0) -> 0
A34: =L1 -> 0 | M34: =5*(COUNTIF(B34:L36,"5/0")+COUNTIF(B34:L36,"4/1")+COUNTIF(B34:L36,"3/2")+COUNTIF(B34:L36,"5/-"))+3*COUNTIF(B34:L36,"2/3")+2*COUNTIF(B34:L36,"1/4")+COUNTIF(B34:L36,"0/5")+0.01*N34+0.0001*(O34) -> 0 | N34: =1*COUNTIF(B34:L36,"5/0")+1*COUNTIF(B34:L36,"4/1")+1*COUNTIF(B34:L36,"3/2")+1*COUNTIF(B34:L36,"5/-")+0*COUNTIF(B34:L36,"2/3")+0*COUNTIF(B34:L36,"1/4")+0*COUNTIF(B34:L36,"0/5") -> 0 | O34: =5*COUNTIF(B34:L36,"5/0")+4*COUNTIF(B34:L36,"4/1")+3*COUNTIF(B34:L36,"3/2")+5*COUNTIF(B34:L36,"5/-")+2*COUNTIF(B34:L36,"2/3")+1*COUNTIF(B34:L36,"1/4")+0*COUNTIF(B34:L36,"0/5") -> 0 | P34: =0*COUNTIF(B34:L36,"5/0")+1*COUNTIF(B34:L36,"4/1")+2*COUNTIF(B34:L36,"3/2")+3*COUNTIF(B34:L36,"2/3")+4*COUNTIF(B34:L36,"1/4")+5*COUNTIF(B34:L36,"0/5")+5*COUNTIF(B34:L36,"-/5") -> 0 | Q34: =RANK(M34,M$4:M$36) -> 6
Q36: =IFERROR(M34/SUM(O34:P36),0) -> 0

Sheet E liga
B1: =VLOOKUP(CONCATENATE(LEFT($A$2,1),COLUMN()-1),nevezettek,3,FALSE) -> Bakos Mátyás | C1: =VLOOKUP(CONCATENATE(LEFT($A$2,1),COLUMN()-1),nevezettek,3,FALSE) -> Szerdahelyi Dániel | D1: =VLOOKUP(CONCATENATE(LEFT($A$2,1),COLUMN()-1),nevezettek,3,FALSE) -> Vincze Krisztián | E1: =VLOOKUP(CONCATENATE(LEFT($A$2,1),COLUMN()-1),nevezettek,3,FALSE) -> Hajba Tibor | F1: =VLOOKUP(CONCATENATE(LEFT($A$2,1),COLUMN()-1),nevezettek,3,FALSE) -> Hajba Zoé | G1: =VLOOKUP(CONCATENATE(LEFT($A$2,1),COLUMN()-1),nevezettek,3,FALSE) -> Kovács Zsolt | H1: =VLOOKUP(CONCATENATE(LEFT($A$2,1),COLUMN()-1),nevezettek,3,FALSE) -> Szekeres Martin | I1: =VLOOKUP(CONCATENATE(LEFT($A$2,1),COLUMN()-1),nevezettek,3,FALSE) -> Némeh Balázs | J1: =VLOOKUP(CONCATENATE(LEFT($A$2,1),COLUMN()-1),nevezettek,3,FALSE) -> Nagy Zoltán | K1: összpont-szám | L1: Győze-lem | M1: Nyert szett | N1: Vesztett szett | O1: helyezés (hatékonyság)
A2: =RIGHT(CELL("filename",A1),6) -> E liga
A3: =COUNTIF(Ligabeosztas!D:D,LEFT(A2,1)) -> 9
A4: =B1 -> Bakos Mátyás | C4: 2/3 | F4: 4/1 | K4: =5*(COUNTIF(B4:J6,"5/0")+COUNTIF(B4:J6,"4/1")+COUNTIF(B4:J6,"3/2")+COUNTIF(B4:J6,"5/-"))+3*COUNTIF(B4:J6,"2/3")+2*COUNTIF(B4:J6,"1/4")+COUNTIF(B4:J6,"0/5")+0.01*L4+0.0001*(M4) -> 8.0106 | L4: =1*COUNTIF(B4:J6,"5/0")+1*COUNTIF(B4:J6,"4/1")+1*COUNTIF(B4:J6,"3/2")+1*COUNTIF(B4:J6,"5/-")+0*COUNTIF(B4:J6,"2/3")+0*COUNTIF(B4:J6,"1/4")+0*COUNTIF(B4:J6,"0/5") -> 1 | M4: =5*COUNTIF(B4:J6,"5/0")+4*COUNTIF(B4:J6,"4/1")+3*COUNTIF(B4:J6,"3/2")+5*COUNTIF(B4:J6,"5/-")+2*COUNTIF(B4:J6,"2/3")+1*COUNTIF(B4:J6,"1/4")+0*COUNTIF(B4:J6,"0/5") -> 6 | N4: =0*COUNTIF(B4:J6,"5/0")+1*COUNTIF(B4:J6,"4/1")+2*COUNTIF(B4:J6,"3/2")+3*COUNTIF(B4:J6,"2/3")+4*COUNTIF(B4:J6,"1/4")+5*COUNTIF(B4:J6,"0/5")+5*COUNTIF(B4:J6,"-/5") -> 4 | O4: =RANK(K4,K$4:K$30) -> 4
O6: =IFERROR(K4/SUM(M4:N6),0) -> 0.80106
A7: =C1 -> Szerdahelyi Dániel | B7: 3/2 | D7: 3/2 | H7: 3/2 | K7: =5*(COUNTIF(B7:J9,"5/0")+COUNTIF(B7:J9,"4/1")+COUNTIF(B7:J9,"3/2")+COUNTIF(B7:J9,"5/-"))+3*COUNTIF(B7:J9,"2/3")+2*COUNTIF(B7:J9,"1/4")+COUNTIF(B7:J9,"0/5")+0.01*L7+0.0001*(M7) -> 15.0309 | L7: =1*COUNTIF(B7:J9,"5/0")+1*COUNTIF(B7:J9,"4/1")+1*COUNTIF(B7:J9,"3/2")+1*COUNTIF(B7:J9,"5/-")+0*COUNTIF(B7:J9,"2/3")+0*COUNTIF(B7:J9,"1/4")+0*COUNTIF(B7:J9,"0/5") -> 3 | M7: =5*COUNTIF(B7:J9,"5/0")+4*COUNTIF(B7:J9,"4/1")+3*COUNTIF(B7:J9,"3/2")+5*COUNTIF(B7:J9,"5/-")+2*COUNTIF(B7:J9,"2/3")+1*COUNTIF(B7:J9,"1/4")+0*COUNTIF(B7:J9,"0/5") -> 9 | N7: =0*COUNTIF(B7:J9,"5/0")+1*COUNTIF(B7:J9,"4/1")+2*COUNTIF(B7:J9,"3/2")+3*COUNTIF(B7:J9,"2/3")+4*COUNTIF(B7:J9,"1/4")+5*COUNTIF(B7:J9,"0/5")+5*COUNTIF(B7:J9,"-/5") -> 6 | O7: =RANK(K7,K$4:K$30) -> 1
O9: =IFERROR(K7/SUM(M7:N9),0) -> 1.00206
A10: =D1 -> Vincze Krisztián | C10: 2/3 | E10: 4/1 | F10: 3/2 | K10: =5*(COUNTIF(B10:J12,"5/0")+COUNTIF(B10:J12,"4/1")+COUNTIF(B10:J12,"3/2")+COUNTIF(B10:J12,"5/-"))+3*COUNTIF(B10:J12,"2/3")+2*COUNTIF(B10:J12,"1/4")+COUNTIF(B10:J12,"0/5")+0.01*L10+0.0001*(M10) -> 13.0209 | L10: =1*COUNTIF(B10:J12,"5/0")+1*COUNTIF(B10:J12,"4/1")+1*COUNTIF(B10:J12,"3/2")+1*COUNTIF(B10:J12,"5/-")+0*COUNTIF(B10:J12,"2/3")+0*COUNTIF(B10:J12,"1/4")+0*COUNTIF(B10:J12,"0/5") -> 2 | M10: =5*COUNTIF(B10:J12,"5/0")+4*COUNTIF(B10:J12,"4/1")+3*COUNTIF(B10:J12,"3/2")+5*COUNTIF(B10:J12,"5/-")+2*COUNTIF(B10:J12,"2/3")+1*COUNTIF(B10:J12,"1/4")+0*COUNTIF(B10:J12,"0/5") -> 9 | N10: =0*COUNTIF(B10:J12,"5/0")+1*COUNTIF(B10:J12,"4/1")+2*COUNTIF(B10:J12,"3/2")+3*COUNTIF(B10:J12,"2/3")+4*COUNTIF(B10:J12,"1/4")+5*COUNTIF(B10:J12,"0/5")+5*COUNTIF(B10:J12,"-/5") -> 6 | O10: =RANK(K10,K$4:K$30) -> 2
O12: =IFERROR(K10/SUM(M10:N12),0) -> 0.86806
A13: =E1 -> Hajba Tibor | D13: 1/4 | I13: 1/4 | K13: =5*(COUNTIF(B13:J15,"5/0")+COUNTIF(B13:J15,"4/1")+COUNTIF(B13:J15,"3/2")+COUNTIF(B13:J15,"5/-"))+3*COUNTIF(B13:J15,"2/3")+2*COUNTIF(B13:J15,"1/4")+COUNTIF(B13:J15,"0/5")+0.01*L13+0.0001*(M13) -> 4.0002 | L13: =1*COUNTIF(B13:J15,"5/0")+1*COUNTIF(B13:J15,"4/1")+1*COUNTIF(B13:J15,"3/2")+1*COUNTIF(B13:J15,"5/-")+0*COUNTIF(B13:J15,"2/3")+0*COUNTIF(B13:J15,"1/4")+0*COUNTIF(B13:J15,"0/5") -> 0 | M13: =5*COUNTIF(B13:J15,"5/0")+4*COUNTIF(B13:J15,"4/1")+3*COUNTIF(B13:J15,"3/2")+5*COUNTIF(B13:J15,"5/-")+2*COUNTIF(B13:J15,"2/3")+1*COUNTIF(B13:J15,"1/4")+0*COUNTIF(B13:J15,"0/5") -> 2 | N13: =0*COUNTIF(B13:J15,"5/0")+1*COUNTIF(B13:J15,"4/1")+2*COUNTIF(B13:J15,"3/2")+3*COUNTIF(B13:J15,"2/3")+4*COUNTIF(B13:J15,"1/4")+5*COUNTIF(B13:J15,"0/5")+5*COUNTIF(B13:J15,"-/5") -> 8 | O13: =RANK(K13,K$4:K$30) -> 6
O15: =IFERROR(K13/SUM(M13:N15),0) -> 0.40002
A16: =F1 -> Hajba Zoé | B16: 1/4 | D16: 2/3 | K16: =5*(COUNTIF(B16:J18,"5/0")+COUNTIF(B16:J18,"4/1")+COUNTIF(B16:J18,"3/2")+COUNTIF(B16:J18,"5/-"))+3*COUNTIF(B16:J18,"2/3")+2*COUNTIF(B16:J18,"1/4")+COUNTIF(B16:J18,"0/5")+0.01*L16+0.0001*(M16) -> 5.0003 | L16: =1*COUNTIF(B16:J18,"5/0")+1*COUNTIF(B16:J18,"4/1")+1*COUNTIF(B16:J18,"3/2")+1*COUNTIF(B16:J18,"5/-")+0*COUNTIF(B16:J18,"2/3")+0*COUNTIF(B16:J18,"1/4")+0*COUNTIF(B16:J18,"0/5") -> 0 | M16: =5*COUNTIF(B16:J18,"5/0")+4*COUNTIF(B16:J18,"4/1")+3*COUNTIF(B16:J18,"3/2")+5*COUNTIF(B16:J18,"5/-")+2*COUNTIF(B16:J18,"2/3")+1*COUNTIF(B16:J18,"1/4")+0*COUNTIF(B16:J18,"0/5") -> 3 | N16: =0*COUNTIF(B16:J18,"5/0")+1*COUNTIF(B16:J18,"4/1")+2*COUNTIF(B16:J18,"3/2")+3*COUNTIF(B16:J18,"2/3")+4*COUNTIF(B16:J18,"1/4")+5*COUNTIF(B16:J18,"0/5")+5*COUNTIF(B16:J18,"-/5") -> 7 | O16: =RANK(K16,K$4:K$30) -> 5
O18: =IFERROR(K16/SUM(M16:N18),0) -> 0.50003
A19: =G1 -> Kovács Zsolt | K19: =5*(COUNTIF(B19:J21,"5/0")+COUNTIF(B19:J21,"4/1")+COUNTIF(B19:J21,"3/2")+COUNTIF(B19:J21,"5/-"))+3*COUNTIF(B19:J21,"2/3")+2*COUNTIF(B19:J21,"1/4")+COUNTIF(B19:J21,"0/5")+0.01*L19+0.0001*(M19) -> 0 | L19: =1*COUNTIF(B19:J21,"5/0")+1*COUNTIF(B19:J21,"4/1")+1*COUNTIF(B19:J21,"3/2")+1*COUNTIF(B19:J21,"5/-")+0*COUNTIF(B19:J21,"2/3")+0*COUNTIF(B19:J21,"1/4")+0*COUNTIF(B19:J21,"0/5") -> 0 | M19: =5*COUNTIF(B19:J21,"5/0")+4*COUNTIF(B19:J21,"4/1")+3*COUNTIF(B19:J21,"3/2")+5*COUNTIF(B19:J21,"5/-")+2*COUNTIF(B19:J21,"2/3")+1*COUNTIF(B19:J21,"1/4")+0*COUNTIF(B19:J21,"0/5") -> 0 | N19: =0*COUNTIF(B19:J21,"5/0")+1*COUNTIF(B19:J21,"4/1")+2*COUNTIF(B19:J21,"3/2")+3*COUNTIF(B19:J21,"2/3")+4*COUNTIF(B19:J21,"1/4")+5*COUNTIF(B19:J21,"0/5")+5*COUNTIF(B19:J21,"-/5") -> 0 | O19: =RANK(K19,K$4:K$30) -> 9
O21: =IFERROR(K19/SUM(M19:N21),0) -> 0
A22: =H1 -> Szekeres Martin | C22: 2/3 | K22: =5*(COUNTIF(B22:J24,"5/0")+COUNTIF(B22:J24,"4/1")+COUNTIF(B22:J24,"3/2")+COUNTIF(B22:J24,"5/-"))+3*COUNTIF(B22:J24,"2/3")+2*COUNTIF(B22:J24,"1/4")+COUNTIF(B22:J24,"0/5")+0.01*L22+0.0001*(M22) -> 3.0002 | L22: =1*COUNTIF(B22:J24,"5/0")+1*COUNTIF(B22:J24,"4/1")+1*COUNTIF(B22:J24,"3/2")+1*COUNTIF(B22:J24,"5/-")+0*COUNTIF(B22:J24,"2/3")+0*COUNTIF(B22:J24,"1/4")+0*COUNTIF(B22:J24,"0/5") -> 0 | M22: =5*COUNTIF(B22:J24,"5/0")+4*COUNTIF(B22:J24,"4/1")+3*COUNTIF(B22:J24,"3/2")+5*COUNTIF(B22:J24,"5/-")+2*COUNTIF(B22:J24,"2/3")+1*COUNTIF(B22:J24,"1/4")+0*COUNTIF(B22:J24,"0/5") -> 2 | N22: =0*COUNTIF(B22:J24,"5/0")+1*COUNTIF(B22:J24,"4/1")+2*COUNTIF(B22:J24,"3/2")+3*COUNTIF(B22:J24,"2/3")+4*COUNTIF(B22:J24,"1/4")+5*COUNTIF(B22:J24,"0/5")+5*COUNTIF(B22:J24,"-/5") -> 3 | O22: =RANK(K22,K$4:K$30) -> 7
O24: =IFERROR(K22/SUM(M22:N24),0) -> 0.60004
A25: =I1 -> Némeh Balázs | E25: 4/1 | J25: 5/0 | K25: =5*(COUNTIF(B25:J27,"5/0")+COUNTIF(B25:J27,"4/1")+COUNTIF(B25:J27,"3/2")+COUNTIF(B25:J27,"5/-"))+3*COUNTIF(B25:J27,"2/3")+2*COUNTIF(B25:J27,"1/4")+COUNTIF(B25:J27,"0/5")+0.01*L25+0.0001*(M25) -> 10.0209 | L25: =1*COUNTIF(B25:J27,"5/0")+1*COUNTIF(B25:J27,"4/1")+1*COUNTIF(B25:J27,"3/2")+1*COUNTIF(B25:J27,"5/-")+0*COUNTIF(B25:J27,"2/3")+0*COUNTIF(B25:J27,"1/4")+0*COUNTIF(B25:J27,"0/5") -> 2 | M25: =5*COUNTIF(B25:J27,"5/0")+4*COUNTIF(B25:J27,"4/1")+3*COUNTIF(B25:J27,"3/2")+5*COUNTIF(B25:J27,"5/-")+2*COUNTIF(B25:J27,"2/3")+1*COUNTIF(B25:J27,"1/4")+0*COUNTIF(B25:J27,"0/5") -> 9 | N25: =0*COUNTIF(B25:J27,"5/0")+1*COUNTIF(B25:J27,"4/1")+2*COUNTIF(B25:J27,"3/2")+3*COUNTIF(B25:J27,"2/3")+4*COUNTIF(B25:J27,"1/4")+5*COUNTIF(B25:J27,"0/5")+5*COUNTIF(B25:J27,"-/5") -> 1 | O25: =RANK(K25,K$4:K$30) -> 3
O27: =IFERROR(K25/SUM(M25:N27),0) -> 1.00209
A28: =J1 -> Nagy Zoltán | I28: 0/5 | K28: =5*(COUNTIF(B28:J30,"5/0")+COUNTIF(B28:J30,"4/1")+COUNTIF(B28:J30,"3/2")+COUNTIF(B28:J30,"5/-"))+3*COUNTIF(B28:J30,"2/3")+2*COUNTIF(B28:J30,"1/4")+COUNTIF(B28:J30,"0/5")+0.01*L28+0.0001*(M28) -> 1 | L28: =1*COUNTIF(B28:J30,"5/0")+1*COUNTIF(B28:J30,"4/1")+1*COUNTIF(B28:J30,"3/2")+1*COUNTIF(B28:J30,"5/-")+0*COUNTIF(B28:J30,"2/3")+0*COUNTIF(B28:J30,"1/4")+0*COUNTIF(B28:J30,"0/5") -> 0 | M28: =5*COUNTIF(B28:J30,"5/0")+4*COUNTIF(B28:J30,"4/1")+3*COUNTIF(B28:J30,"3/2")+5*COUNTIF(B28:J30,"5/-")+2*COUNTIF(B28:J30,"2/3")+1*COUNTIF(B28:J30,"1/4")+0*COUNTIF(B28:J30,"0/5") -> 0 | N28: =0*COUNTIF(B28:J30,"5/0")+1*COUNTIF(B28:J30,"4/1")+2*COUNTIF(B28:J30,"3/2")+3*COUNTIF(B28:J30,"2/3")+4*COUNTIF(B28:J30,"1/4")+5*COUNTIF(B28:J30,"0/5")+5*COUNTIF(B28:J30,"-/5") -> 5 | O28: =RANK(K28,K$4:K$30) -> 8
O30: =IFERROR(K28/SUM(M28:N30),0) -> 0.2

Sheet F liga
B1: =VLOOKUP(CONCATENATE(LEFT($A$2,1),COLUMN()-1),nevezettek,3,FALSE) -> 0 | C1: =VLOOKUP(CONCATENATE(LEFT($A$2,1),COLUMN()-1),nevezettek,3,FALSE) -> 0 | D1: =VLOOKUP(CONCATENATE(LEFT($A$2,1),COLUMN()-1),nevezettek,3,FALSE) -> 0 | E1: =VLOOKUP(CONCATENATE(LEFT($A$2,1),COLUMN()-1),nevezettek,3,FALSE) -> 0 | F1: =VLOOKUP(CONCATENATE(LEFT($A$2,1),COLUMN()-1),nevezettek,3,FALSE) -> 0 | G1: =VLOOKUP(CONCATENATE(LEFT($A$2,1),COLUMN()-1),nevezettek,3,FALSE) -> 0 | H1: =VLOOKUP(CONCATENATE(LEFT($A$2,1),COLUMN()-1),nevezettek,3,FALSE) -> 0 | I1: =VLOOKUP(CONCATENATE(LEFT($A$2,1),COLUMN()-1),nevezettek,3,FALSE) -> 0 | J1: =VLOOKUP(CONCATENATE(LEFT($A$2,1),COLUMN()-1),nevezettek,3,FALSE) -> #N/A | K1: összpont-szám | L1: Győze-lem | M1: Nyert szett | N1: Vesztett szett | O1: helyezés (hatékonyság)
A2: =RIGHT(CELL("filename",A1),6) -> F liga
A3: =COUNTIF(Ligabeosztas!D:D,LEFT(A2,1)) -> 8
A4: =B1 -> 0 | K4: =5*(COUNTIF(B4:J6,"5/0")+COUNTIF(B4:J6,"4/1")+COUNTIF(B4:J6,"3/2")+COUNTIF(B4:J6,"5/-"))+3*COUNTIF(B4:J6,"2/3")+2*COUNTIF(B4:J6,"1/4")+COUNTIF(B4:J6,"0/5")+0.01*L4+0.0001*(M4) -> 0 | L4: =1*COUNTIF(B4:J6,"5/0")+1*COUNTIF(B4:J6,"4/1")+1*COUNTIF(B4:J6,"3/2")+1*COUNTIF(B4:J6,"5/-")+0*COUNTIF(B4:J6,"2/3")+0*COUNTIF(B4:J6,"1/4")+0*COUNTIF(B4:J6,"0/5") -> 0 | M4: =5*COUNTIF(B4:J6,"5/0")+4*COUNTIF(B4:J6,"4/1")+3*COUNTIF(B4:J6,"3/2")+5*COUNTIF(B4:J6,"5/-")+2*COUNTIF(B4:J6,"2/3")+1*COUNTIF(B4:J6,"1/4")+0*COUNTIF(B4:J6,"0/5") -> 0 | N4: =0*COUNTIF(B4:J6,"5/0")+1*COUNTIF(B4:J6,"4/1")+2*COUNTIF(B4:J6,"3/2")+3*COUNTIF(B4:J6,"2/3")+4*COUNTIF(B4:J6,"1/4")+5*COUNTIF(B4:J6,"0/5")+5*COUNTIF(B4:J6,"-/5") -> 0 | O4: =RANK(K4,K$4:K$30) -> 1
O6: =IFERROR(K4/SUM(M4:N6),0) -> 0
A7: =C1 -> 0 | K7: =5*(COUNTIF(B7:J9,"5/0")+COUNTIF(B7:J9,"4/1")+COUNTIF(B7:J9,"3/2")+COUNTIF(B7:J9,"5/-"))+3*COUNTIF(B7:J9,"2/3")+2*COUNTIF(B7:J9,"1/4")+COUNTIF(B7:J9,"0/5")+0.01*L7+0.0001*(M7) -> 0 | L7: =1*COUNTIF(B7:J9,"5/0")+1*COUNTIF(B7:J9,"4/1")+1*COUNTIF(B7:J9,"3/2")+1*COUNTIF(B7:J9,"5/-")+0*COUNTIF(B7:J9,"2/3")+0*COUNTIF(B7:J9,"1/4")+0*COUNTIF(B7:J9,"0/5") -> 0 | M7: =5*COUNTIF(B7:J9,"5/0")+4*COUNTIF(B7:J9,"4/1")+3*COUNTIF(B7:J9,"3/2")+5*COUNTIF(B7:J9,"5/-")+2*COUNTIF(B7:J9,"2/3")+1*COUNTIF(B7:J9,"1/4")+0*COUNTIF(B7:J9,"0/5") -> 0 | N7: =0*COUNTIF(B7:J9,"5/0")+1*COUNTIF(B7:J9,"4/1")+2*COUNTIF(B7:J9,"3/2")+3*COUNTIF(B7:J9,"2/3")+4*COUNTIF(B7:J9,"1/4")+5*COUNTIF(B7:J9,"0/5")+5*COUNTIF(B7:J9,"-/5") -> 0 | O7: =RANK(K7,K$4:K$30) -> 1
O9: =IFERROR(K7/SUM(M7:N9),0) -> 0
A10: =D1 -> 0 | K10: =5*(COUNTIF(B10:J12,"5/0")+COUNTIF(B10:J12,"4/1")+COUNTIF(B10:J12,"3/2")+COUNTIF(B10:J12,"5/-"))+3*COUNTIF(B10:J12,"2/3")+2*COUNTIF(B10:J12,"1/4")+COUNTIF(B10:J12,"0/5")+0.01*L10+0.0001*(M10) -> 0 | L10: =1*COUNTIF(B10:J12,"5/0")+1*COUNTIF(B10:J12,"4/1")+1*COUNTIF(B10:J12,"3/2")+1*COUNTIF(B10:J12,"5/-")+0*COUNTIF(B10:J12,"2/3")+0*COUNTIF(B10:J12,"1/4")+0*COUNTIF(B10:J12,"0/5") -> 0 | M10: =5*COUNTIF(B10:J12,"5/0")+4*COUNTIF(B10:J12,"4/1")+3*COUNTIF(B10:J12,"3/2")+5*COUNTIF(B10:J12,"5/-")+2*COUNTIF(B10:J12,"2/3")+1*COUNTIF(B10:J12,"1/4")+0*COUNTIF(B10:J12,"0/5") -> 0 | N10: =0*COUNTIF(B10:J12,"5/0")+1*COUNTIF(B10:J12,"4/1")+2*COUNTIF(B10:J12,"3/2")+3*COUNTIF(B10:J12,"2/3")+4*COUNTIF(B10:J12,"1/4")+5*COUNTIF(B10:J12,"0/5")+5*COUNTIF(B10:J12,"-/5") -> 0 | O10: =RANK(K10,K$4:K$30) -> 1
O12: =IFERROR(K10/SUM(M10:N12),0) -> 0
A13: =E1 -> 0 | K13: =5*(COUNTIF(B13:J15,"5/0")+COUNTIF(B13:J15,"4/1")+COUNTIF(B13:J15,"3/2")+COUNTIF(B13:J15,"5/-"))+3*COUNTIF(B13:J15,"2/3")+2*COUNTIF(B13:J15,"1/4")+COUNTIF(B13:J15,"0/5")+0.01*L13+0.0001*(M13) -> 0 | L13: =1*COUNTIF(B13:J15,"5/0")+1*COUNTIF(B13:J15,"4/1")+1*COUNTIF(B13:J15,"3/2")+1*COUNTIF(B13:J15,"5/-")+0*COUNTIF(B13:J15,"2/3")+0*COUNTIF(B13:J15,"1/4")+0*COUNTIF(B13:J15,"0/5") -> 0 | M13: =5*COUNTIF(B13:J15,"5/0")+4*COUNTIF(B13:J15,"4/1")+3*COUNTIF(B13:J15,"3/2")+5*COUNTIF(B13:J15,"5/-")+2*COUNTIF(B13:J15,"2/3")+1*COUNTIF(B13:J15,"1/4")+0*COUNTIF(B13:J15,"0/5") -> 0 | N13: =0*COUNTIF(B13:J15,"5/0")+1*COUNTIF(B13:J15,"4/1")+2*COUNTIF(B13:J15,"3/2")+3*COUNTIF(B13:J15,"2/3")+4*COUNTIF(B13:J15,"1/4")+5*COUNTIF(B13:J15,"0/5")+5*COUNTIF(B13:J15,"-/5") -> 0 | O13: =RANK(K13,K$4:K$30) -> 1
O15: =IFERROR(K13/SUM(M13:N15),0) -> 0
A16: =F1 -> 0 | K16: =5*(COUNTIF(B16:J18,"5/0")+COUNTIF(B16:J18,"4/1")+COUNTIF(B16:J18,"3/2")+COUNTIF(B16:J18,"5/-"))+3*COUNTIF(B16:J18,"2/3")+2*COUNTIF(B16:J18,"1/4")+COUNTIF(B16:J18,"0/5")+0.01*L16+0.0001*(M16) -> 0 | L16: =1*COUNTIF(B16:J18,"5/0")+1*COUNTIF(B16:J18,"4/1")+1*COUNTIF(B16:J18,"3/2")+1*COUNTIF(B16:J18,"5/-")+0*COUNTIF(B16:J18,"2/3")+0*COUNTIF(B16:J18,"1/4")+0*COUNTIF(B16:J18,"0/5") -> 0 | M16: =5*COUNTIF(B16:J18,"5/0")+4*COUNTIF(B16:J18,"4/1")+3*COUNTIF(B16:J18,"3/2")+5*COUNTIF(B16:J18,"5/-")+2*COUNTIF(B16:J18,"2/3")+1*COUNTIF(B16:J18,"1/4")+0*COUNTIF(B16:J18,"0/5") -> 0 | N16: =0*COUNTIF(B16:J18,"5/0")+1*COUNTIF(B16:J18,"4/1")+2*COUNTIF(B16:J18,"3/2")+3*COUNTIF(B16:J18,"2/3")+4*COUNTIF(B16:J18,"1/4")+5*COUNTIF(B16:J18,"0/5")+5*COUNTIF(B16:J18,"-/5") -> 0 | O16: =RANK(K16,K$4:K$30) -> 1
O18: =IFERROR(K16/SUM(M16:N18),0) -> 0
A19: =G1 -> 0 | K19: =5*(COUNTIF(B19:J21,"5/0")+COUNTIF(B19:J21,"4/1")+COUNTIF(B19:J21,"3/2")+COUNTIF(B19:J21,"5/-"))+3*COUNTIF(B19:J21,"2/3")+2*COUNTIF(B19:J21,"1/4")+COUNTIF(B19:J21,"0/5")+0.01*L19+0.0001*(M19) -> 0 | L19: =1*COUNTIF(B19:J21,"5/0")+1*COUNTIF(B19:J21,"4/1")+1*COUNTIF(B19:J21,"3/2")+1*COUNTIF(B19:J21,"5/-")+0*COUNTIF(B19:J21,"2/3")+0*COUNTIF(B19:J21,"1/4")+0*COUNTIF(B19:J21,"0/5") -> 0 | M19: =5*COUNTIF(B19:J21,"5/0")+4*COUNTIF(B19:J21,"4/1")+3*COUNTIF(B19:J21,"3/2")+5*COUNTIF(B19:J21,"5/-")+2*COUNTIF(B19:J21,"2/3")+1*COUNTIF(B19:J21,"1/4")+0*COUNTIF(B19:J21,"0/5") -> 0 | N19: =0*COUNTIF(B19:J21,"5/0")+1*COUNTIF(B19:J21,"4/1")+2*COUNTIF(B19:J21,"3/2")+3*COUNTIF(B19:J21,"2/3")+4*COUNTIF(B19:J21,"1/4")+5*COUNTIF(B19:J21,"0/5")+5*COUNTIF(B19:J21,"-/5") -> 0 | O19: =RANK(K19,K$4:K$30) -> 1
O21: =IFERROR(K19/SUM(M19:N21),0) -> 0
A22: =H1 -> 0 | K22: =5*(COUNTIF(B22:J24,"5/0")+COUNTIF(B22:J24,"4/1")+COUNTIF(B22:J24,"3/2")+COUNTIF(B22:J24,"5/-"))+3*COUNTIF(B22:J24,"2/3")+2*COUNTIF(B22:J24,"1/4")+COUNTIF(B22:J24,"0/5")+0.01*L22+0.0001*(M22) -> 0 | L22: =1*COUNTIF(B22:J24,"5/0")+1*COUNTIF(B22:J24,"4/1")+1*COUNTIF(B22:J24,"3/2")+1*COUNTIF(B22:J24,"5/-")+0*COUNTIF(B22:J24,"2/3")+0*COUNTIF(B22:J24,"1/4")+0*COUNTIF(B22:J24,"0/5") -> 0 | M22: =5*COUNTIF(B22:J24,"5/0")+4*COUNTIF(B22:J24,"4/1")+3*COUNTIF(B22:J24,"3/2")+5*COUNTIF(B22:J24,"5/-")+2*COUNTIF(B22:J24,"2/3")+1*COUNTIF(B22:J24,"1/4")+0*COUNTIF(B22:J24,"0/5") -> 0 | N22: =0*COUNTIF(B22:J24,"5/0")+1*COUNTIF(B22:J24,"4/1")+2*COUNTIF(B22:J24,"3/2")+3*COUNTIF(B22:J24,"2/3")+4*COUNTIF(B22:J24,"1/4")+5*COUNTIF(B22:J24,"0/5")+5*COUNTIF(B22:J24,"-/5") -> 0 | O22: =RANK(K22,K$4:K$30) -> 1
O24: =IFERROR(K22/SUM(M22:N24),0) -> 0
A25: =I1 -> 0 | K25: =5*(COUNTIF(B25:J27,"5/0")+COUNTIF(B25:J27,"4/1")+COUNTIF(B25:J27,"3/2")+COUNTIF(B25:J27,"5/-"))+3*COUNTIF(B25:J27,"2/3")+2*COUNTIF(B25:J27,"1/4")+COUNTIF(B25:J27,"0/5")+0.01*L25+0.0001*(M25) -> 0 | L25: =1*COUNTIF(B25:J27,"5/0")+1*COUNTIF(B25:J27,"4/1")+1*COUNTIF(B25:J27,"3/2")+1*COUNTIF(B25:J27,"5/-")+0*COUNTIF(B25:J27,"2/3")+0*COUNTIF(B25:J27,"1/4")+0*COUNTIF(B25:J27,"0/5") -> 0 | M25: =5*COUNTIF(B25:J27,"5/0")+4*COUNTIF(B25:J27,"4/1")+3*COUNTIF(B25:J27,"3/2")+5*COUNTIF(B25:J27,"5/-")+2*COUNTIF(B25:J27,"2/3")+1*COUNTIF(B25:J27,"1/4")+0*COUNTIF(B25:J27,"0/5") -> 0 | N25: =0*COUNTIF(B25:J27,"5/0")+1*COUNTIF(B25:J27,"4/1")+2*COUNTIF(B25:J27,"3/2")+3*COUNTIF(B25:J27,"2/3")+4*COUNTIF(B25:J27,"1/4")+5*COUNTIF(B25:J27,"0/5")+5*COUNTIF(B25:J27,"-/5") -> 0 | O25: =RANK(K25,K$4:K$30) -> 1
O27: =IFERROR(K25/SUM(M25:N27),0) -> 0
A28: =J1 -> #N/A | K28: =5*(COUNTIF(B28:J30,"5/0")+COUNTIF(B28:J30,"4/1")+COUNTIF(B28:J30,"3/2")+COUNTIF(B28:J30,"5/-"))+3*COUNTIF(B28:J30,"2/3")+2*COUNTIF(B28:J30,"1/4")+COUNTIF(B28:J30,"0/5")+0.01*L28+0.0001*(M28) -> 0 | L28: =1*COUNTIF(B28:J30,"5/0")+1*COUNTIF(B28:J30,"4/1")+1*COUNTIF(B28:J30,"3/2")+1*COUNTIF(B28:J30,"5/-")+0*COUNTIF(B28:J30,"2/3")+0*COUNTIF(B28:J30,"1/4")+0*COUNTIF(B28:J30,"0/5") -> 0 | M28: =5*COUNTIF(B28:J30,"5/0")+4*COUNTIF(B28:J30,"4/1")+3*COUNTIF(B28:J30,"3/2")+5*COUNTIF(B28:J30,"5/-")+2*COUNTIF(B28:J30,"2/3")+1*COUNTIF(B28:J30,"1/4")+0*COUNTIF(B28:J30,"0/5") -> 0 | N28: =0*COUNTIF(B28:J30,"5/0")+1*COUNTIF(B28:J30,"4/1")+2*COUNTIF(B28:J30,"3/2")+3*COUNTIF(B28:J30,"2/3")+4*COUNTIF(B28:J30,"1/4")+5*COUNTIF(B28:J30,"0/5")+5*COUNTIF(B28:J30,"-/5") -> 0 | O28: =RANK(K28,K$4:K$30) -> 1
O30: =IFERROR(K28/SUM(M28:N30),0) -> 0

Sheet G liga
B1: =VLOOKUP(CONCATENATE(LEFT($A$2,1),COLUMN()-1),nevezettek,3,FALSE) -> 0 | C1: =VLOOKUP(CONCATENATE(LEFT($A$2,1),COLUMN()-1),nevezettek,3,FALSE) -> 0 | D1: =VLOOKUP(CONCATENATE(LEFT($A$2,1),COLUMN()-1),nevezettek,3,FALSE) -> 0 | E1: =VLOOKUP(CONCATENATE(LEFT($A$2,1),COLUMN()-1),nevezettek,3,FALSE) -> 0 | F1: =VLOOKUP(CONCATENATE(LEFT($A$2,1),COLUMN()-1),nevezettek,3,FALSE) -> 0 | G1: =VLOOKUP(CONCATENATE(LEFT($A$2,1),COLUMN()-1),nevezettek,3,FALSE) -> 0 | H1: =VLOOKUP(CONCATENATE(LEFT($A$2,1),COLUMN()-1),nevezettek,3,FALSE) -> 0 | I1: =VLOOKUP(CONCATENATE(LEFT($A$2,1),COLUMN()-1),nevezettek,3,FALSE) -> 0 | J1: =VLOOKUP(CONCATENATE(LEFT($A$2,1),COLUMN()-1),nevezettek,3,FALSE) -> #N/A | K1: összpont-szám | L1: Győze-lem | M1: Nyert szett | N1: Vesztett szett | O1: helyezés (hatékonyság)
A2: =RIGHT(CELL("filename",A1),6) -> G liga
A3: =COUNTIF(Ligabeosztas!D:D,LEFT(A2,1)) -> 0
A4: =B1 -> 0 | K4: =5*(COUNTIF(B4:J6,"5/0")+COUNTIF(B4:J6,"4/1")+COUNTIF(B4:J6,"3/2")+COUNTIF(B4:J6,"5/-"))+3*COUNTIF(B4:J6,"2/3")+2*COUNTIF(B4:J6,"1/4")+COUNTIF(B4:J6,"0/5")+0.01*L4+0.0001*(M4) -> 0 | L4: =1*COUNTIF(B4:J6,"5/0")+1*COUNTIF(B4:J6,"4/1")+1*COUNTIF(B4:J6,"3/2")+1*COUNTIF(B4:J6,"5/-")+0*COUNTIF(B4:J6,"2/3")+0*COUNTIF(B4:J6,"1/4")+0*COUNTIF(B4:J6,"0/5") -> 0 | M4: =5*COUNTIF(B4:J6,"5/0")+4*COUNTIF(B4:J6,"4/1")+3*COUNTIF(B4:J6,"3/2")+5*COUNTIF(B4:J6,"5/-")+2*COUNTIF(B4:J6,"2/3")+1*COUNTIF(B4:J6,"1/4")+0*COUNTIF(B4:J6,"0/5") -> 0 | N4: =0*COUNTIF(B4:J6,"5/0")+1*COUNTIF(B4:J6,"4/1")+2*COUNTIF(B4:J6,"3/2")+3*COUNTIF(B4:J6,"2/3")+4*COUNTIF(B4:J6,"1/4")+5*COUNTIF(B4:J6,"0/5")+5*COUNTIF(B4:J6,"-/5") -> 0 | O4: =RANK(K4,K$4:K$30) -> 1
O6: =IFERROR(K4/SUM(M4:N6),0) -> 0
A7: =C1 -> 0 | K7: =5*(COUNTIF(B7:J9,"5/0")+COUNTIF(B7:J9,"4/1")+COUNTIF(B7:J9,"3/2")+COUNTIF(B7:J9,"5/-"))+3*COUNTIF(B7:J9,"2/3")+2*COUNTIF(B7:J9,"1/4")+COUNTIF(B7:J9,"0/5")+0.01*L7+0.0001*(M7) -> 0 | L7: =1*COUNTIF(B7:J9,"5/0")+1*COUNTIF(B7:J9,"4/1")+1*COUNTIF(B7:J9,"3/2")+1*COUNTIF(B7:J9,"5/-")+0*COUNTIF(B7:J9,"2/3")+0*COUNTIF(B7:J9,"1/4")+0*COUNTIF(B7:J9,"0/5") -> 0 | M7: =5*COUNTIF(B7:J9,"5/0")+4*COUNTIF(B7:J9,"4/1")+3*COUNTIF(B7:J9,"3/2")+5*COUNTIF(B7:J9,"5/-")+2*COUNTIF(B7:J9,"2/3")+1*COUNTIF(B7:J9,"1/4")+0*COUNTIF(B7:J9,"0/5") -> 0 | N7: =0*COUNTIF(B7:J9,"5/0")+1*COUNTIF(B7:J9,"4/1")+2*COUNTIF(B7:J9,"3/2")+3*COUNTIF(B7:J9,"2/3")+4*COUNTIF(B7:J9,"1/4")+5*COUNTIF(B7:J9,"0/5")+5*COUNTIF(B7:J9,"-/5") -> 0 | O7: =RANK(K7,K$4:K$30) -> 1
O9: =IFERROR(K7/SUM(M7:N9),0) -> 0
A10: =D1 -> 0 | K10: =5*(COUNTIF(B10:J12,"5/0")+COUNTIF(B10:J12,"4/1")+COUNTIF(B10:J12,"3/2")+COUNTIF(B10:J12,"5/-"))+3*COUNTIF(B10:J12,"2/3")+2*COUNTIF(B10:J12,"1/4")+COUNTIF(B10:J12,"0/5")+0.01*L10+0.0001*(M10) -> 0 | L10: =1*COUNTIF(B10:J12,"5/0")+1*COUNTIF(B10:J12,"4/1")+1*COUNTIF(B10:J12,"3/2")+1*COUNTIF(B10:J12,"5/-")+0*COUNTIF(B10:J12,"2/3")+0*COUNTIF(B10:J12,"1/4")+0*COUNTIF(B10:J12,"0/5") -> 0 | M10: =5*COUNTIF(B10:J12,"5/0")+4*COUNTIF(B10:J12,"4/1")+3*COUNTIF(B10:J12,"3/2")+5*COUNTIF(B10:J12,"5/-")+2*COUNTIF(B10:J12,"2/3")+1*COUNTIF(B10:J12,"1/4")+0*COUNTIF(B10:J12,"0/5") -> 0 | N10: =0*COUNTIF(B10:J12,"5/0")+1*COUNTIF(B10:J12,"4/1")+2*COUNTIF(B10:J12,"3/2")+3*COUNTIF(B10:J12,"2/3")+4*COUNTIF(B10:J12,"1/4")+5*COUNTIF(B10:J12,"0/5")+5*COUNTIF(B10:J12,"-/5") -> 0 | O10: =RANK(K10,K$4:K$30) -> 1
O12: =IFERROR(K10/SUM(M10:N12),0) -> 0
A13: =E1 -> 0 | K13: =5*(COUNTIF(B13:J15,"5/0")+COUNTIF(B13:J15,"4/1")+COUNTIF(B13:J15,"3/2")+COUNTIF(B13:J15,"5/-"))+3*COUNTIF(B13:J15,"2/3")+2*COUNTIF(B13:J15,"1/4")+COUNTIF(B13:J15,"0/5")+0.01*L13+0.0001*(M13) -> 0 | L13: =1*COUNTIF(B13:J15,"5/0")+1*COUNTIF(B13:J15,"4/1")+1*COUNTIF(B13:J15,"3/2")+1*COUNTIF(B13:J15,"5/-")+0*COUNTIF(B13:J15,"2/3")+0*COUNTIF(B13:J15,"1/4")+0*COUNTIF(B13:J15,"0/5") -> 0 | M13: =5*COUNTIF(B13:J15,"5/0")+4*COUNTIF(B13:J15,"4/1")+3*COUNTIF(B13:J15,"3/2")+5*COUNTIF(B13:J15,"5/-")+2*COUNTIF(B13:J15,"2/3")+1*COUNTIF(B13:J15,"1/4")+0*COUNTIF(B13:J15,"0/5") -> 0 | N13: =0*COUNTIF(B13:J15,"5/0")+1*COUNTIF(B13:J15,"4/1")+2*COUNTIF(B13:J15,"3/2")+3*COUNTIF(B13:J15,"2/3")+4*COUNTIF(B13:J15,"1/4")+5*COUNTIF(B13:J15,"0/5")+5*COUNTIF(B13:J15,"-/5") -> 0 | O13: =RANK(K13,K$4:K$30) -> 1
O15: =IFERROR(K13/SUM(M13:N15),0) -> 0
A16: =F1 -> 0 | K16: =5*(COUNTIF(B16:J18,"5/0")+COUNTIF(B16:J18,"4/1")+COUNTIF(B16:J18,"3/2")+COUNTIF(B16:J18,"5/-"))+3*COUNTIF(B16:J18,"2/3")+2*COUNTIF(B16:J18,"1/4")+COUNTIF(B16:J18,"0/5")+0.01*L16+0.0001*(M16) -> 0 | L16: =1*COUNTIF(B16:J18,"5/0")+1*COUNTIF(B16:J18,"4/1")+1*COUNTIF(B16:J18,"3/2")+1*COUNTIF(B16:J18,"5/-")+0*COUNTIF(B16:J18,"2/3")+0*COUNTIF(B16:J18,"1/4")+0*COUNTIF(B16:J18,"0/5") -> 0 | M16: =5*COUNTIF(B16:J18,"5/0")+4*COUNTIF(B16:J18,"4/1")+3*COUNTIF(B16:J18,"3/2")+5*COUNTIF(B16:J18,"5/-")+2*COUNTIF(B16:J18,"2/3")+1*COUNTIF(B16:J18,"1/4")+0*COUNTIF(B16:J18,"0/5") -> 0 | N16: =0*COUNTIF(B16:J18,"5/0")+1*COUNTIF(B16:J18,"4/1")+2*COUNTIF(B16:J18,"3/2")+3*COUNTIF(B16:J18,"2/3")+4*COUNTIF(B16:J18,"1/4")+5*COUNTIF(B16:J18,"0/5")+5*COUNTIF(B16:J18,"-/5") -> 0 | O16: =RANK(K16,K$4:K$30) -> 1
O18: =IFERROR(K16/SUM(M16:N18),0) -> 0
A19: =G1 -> 0 | K19: =5*(COUNTIF(B19:J21,"5/0")+COUNTIF(B19:J21,"4/1")+COUNTIF(B19:J21,"3/2")+COUNTIF(B19:J21,"5/-"))+3*COUNTIF(B19:J21,"2/3")+2*COUNTIF(B19:J21,"1/4")+COUNTIF(B19:J21,"0/5")+0.01*L19+0.0001*(M19) -> 0 | L19: =1*COUNTIF(B19:J21,"5/0")+1*COUNTIF(B19:J21,"4/1")+1*COUNTIF(B19:J21,"3/2")+1*COUNTIF(B19:J21,"5/-")+0*COUNTIF(B19:J21,"2/3")+0*COUNTIF(B19:J21,"1/4")+0*COUNTIF(B19:J21,"0/5") -> 0 | M19: =5*COUNTIF(B19:J21,"5/0")+4*COUNTIF(B19:J21,"4/1")+3*COUNTIF(B19:J21,"3/2")+5*COUNTIF(B19:J21,"5/-")+2*COUNTIF(B19:J21,"2/3")+1*COUNTIF(B19:J21,"1/4")+0*COUNTIF(B19:J21,"0/5") -> 0 | N19: =0*COUNTIF(B19:J21,"5/0")+1*COUNTIF(B19:J21,"4/1")+2*COUNTIF(B19:J21,"3/2")+3*COUNTIF(B19:J21,"2/3")+4*COUNTIF(B19:J21,"1/4")+5*COUNTIF(B19:J21,"0/5")+5*COUNTIF(B19:J21,"-/5") -> 0 | O19: =RANK(K19,K$4:K$30) -> 1
O21: =IFERROR(K19/SUM(M19:N21),0) -> 0
A22: =H1 -> 0 | K22: =5*(COUNTIF(B22:J24,"5/0")+COUNTIF(B22:J24,"4/1")+COUNTIF(B22:J24,"3/2")+COUNTIF(B22:J24,"5/-"))+3*COUNTIF(B22:J24,"2/3")+2*COUNTIF(B22:J24,"1/4")+COUNTIF(B22:J24,"0/5")+0.01*L22+0.0001*(M22) -> 0 | L22: =1*COUNTIF(B22:J24,"5/0")+1*COUNTIF(B22:J24,"4/1")+1*COUNTIF(B22:J24,"3/2")+1*COUNTIF(B22:J24,"5/-")+0*COUNTIF(B22:J24,"2/3")+0*COUNTIF(B22:J24,"1/4")+0*COUNTIF(B22:J24,"0/5") -> 0 | M22: =5*COUNTIF(B22:J24,"5/0")+4*COUNTIF(B22:J24,"4/1")+3*COUNTIF(B22:J24,"3/2")+5*COUNTIF(B22:J24,"5/-")+2*COUNTIF(B22:J24,"2/3")+1*COUNTIF(B22:J24,"1/4")+0*COUNTIF(B22:J24,"0/5") -> 0 | N22: =0*COUNTIF(B22:J24,"5/0")+1*COUNTIF(B22:J24,"4/1")+2*COUNTIF(B22:J24,"3/2")+3*COUNTIF(B22:J24,"2/3")+4*COUNTIF(B22:J24,"1/4")+5*COUNTIF(B22:J24,"0/5")+5*COUNTIF(B22:J24,"-/5") -> 0 | O22: =RANK(K22,K$4:K$30) -> 1
O24: =IFERROR(K22/SUM(M22:N24),0) -> 0
A25: =I1 -> 0 | K25: =5*(COUNTIF(B25:J27,"5/0")+COUNTIF(B25:J27,"4/1")+COUNTIF(B25:J27,"3/2")+COUNTIF(B25:J27,"5/-"))+3*COUNTIF(B25:J27,"2/3")+2*COUNTIF(B25:J27,"1/4")+COUNTIF(B25:J27,"0/5")+0.01*L25+0.0001*(M25) -> 0 | L25: =1*COUNTIF(B25:J27,"5/0")+1*COUNTIF(B25:J27,"4/1")+1*COUNTIF(B25:J27,"3/2")+1*COUNTIF(B25:J27,"5/-")+0*COUNTIF(B25:J27,"2/3")+0*COUNTIF(B25:J27,"1/4")+0*COUNTIF(B25:J27,"0/5") -> 0 | M25: =5*COUNTIF(B25:J27,"5/0")+4*COUNTIF(B25:J27,"4/1")+3*COUNTIF(B25:J27,"3/2")+5*COUNTIF(B25:J27,"5/-")+2*COUNTIF(B25:J27,"2/3")+1*COUNTIF(B25:J27,"1/4")+0*COUNTIF(B25:J27,"0/5") -> 0 | N25: =0*COUNTIF(B25:J27,"5/0")+1*COUNTIF(B25:J27,"4/1")+2*COUNTIF(B25:J27,"3/2")+3*COUNTIF(B25:J27,"2/3")+4*COUNTIF(B25:J27,"1/4")+5*COUNTIF(B25:J27,"0/5")+5*COUNTIF(B25:J27,"-/5") -> 0 | O25: =RANK(K25,K$4:K$30) -> 1
O27: =IFERROR(K25/SUM(M25:N27),0) -> 0
A28: =J1 -> #N/A | K28: =5*(COUNTIF(B28:J30,"5/0")+COUNTIF(B28:J30,"4/1")+COUNTIF(B28:J30,"3/2")+COUNTIF(B28:J30,"5/-"))+3*COUNTIF(B28:J30,"2/3")+2*COUNTIF(B28:J30,"1/4")+COUNTIF(B28:J30,"0/5")+0.01*L28+0.0001*(M28) -> 0 | L28: =1*COUNTIF(B28:J30,"5/0")+1*COUNTIF(B28:J30,"4/1")+1*COUNTIF(B28:J30,"3/2")+1*COUNTIF(B28:J30,"5/-")+0*COUNTIF(B28:J30,"2/3")+0*COUNTIF(B28:J30,"1/4")+0*COUNTIF(B28:J30,"0/5") -> 0 | M28: =5*COUNTIF(B28:J30,"5/0")+4*COUNTIF(B28:J30,"4/1")+3*COUNTIF(B28:J30,"3/2")+5*COUNTIF(B28:J30,"5/-")+2*COUNTIF(B28:J30,"2/3")+1*COUNTIF(B28:J30,"1/4")+0*COUNTIF(B28:J30,"0/5") -> 0 | N28: =0*COUNTIF(B28:J30,"5/0")+1*COUNTIF(B28:J30,"4/1")+2*COUNTIF(B28:J30,"3/2")+3*COUNTIF(B28:J30,"2/3")+4*COUNTIF(B28:J30,"1/4")+5*COUNTIF(B28:J30,"0/5")+5*COUNTIF(B28:J30,"-/5") -> 0 | O28: =RANK(K28,K$4:K$30) -> 1
O30: =IFERROR(K28/SUM(M28:N30),0) -> 0

Sheet 15. kör sorsolás
C2: Arasz - Öntöde SQUASH LIGA 15. KÖR
B4: A LIGA | C4: B LIGA | D4: C LIGA | E4: D LIGA | F4: E LIGA | G4: F LIGA | H4: G LIGA | L4: 5/0
B5: JÁTÉKOSOK | C5: JÁTÉKOSOK | D5: JÁTÉKOSOK | E5: JÁTÉKOSOK | F5: JÁTÉKOSOK | G5: JÁTÉKOSOK | H5: JÁTÉKOSOK | L5: 4/1
A6: 1 | B6: =VLOOKUP(CONCATENATE(LEFT(B$4,1),ROW()-5),nevezettek,3,FALSE) -> Marton Zoltán | C6: =VLOOKUP(CONCATENATE(LEFT(C$4,1),ROW()-5),nevezettek,3,FALSE) -> Sákovics Péter | D6: =VLOOKUP(CONCATENATE(LEFT(D$4,1),ROW()-5),nevezettek,3,FALSE) -> Székely Árpád | E6: =VLOOKUP(CONCATENATE(LEFT(E$4,1),ROW()-5),nevezettek,3,FALSE) -> Bankits Csaba | F6: =VLOOKUP(CONCATENATE(LEFT(F$4,1),ROW()-5),nevezettek,3,FALSE) -> Bakos Mátyás | G6: =VLOOKUP(CONCATENATE(LEFT(G$4,1),ROW()-5),nevezettek,3,FALSE) -> 0 | H6: =VLOOKUP(CONCATENATE(LEFT(H$4,1),ROW()-5),nevezettek,3,FALSE) -> 0 | I6: 1 | L6: 3/2
A7: 2 | B7: =VLOOKUP(CONCATENATE(LEFT(B$4,1),ROW()-5),nevezettek,3,FALSE) -> Tóth Zoltán | C7: =VLOOKUP(CONCATENATE(LEFT(C$4,1),ROW()-5),nevezettek,3,FALSE) -> Tóth István | D7: =VLOOKUP(CONCATENATE(LEFT(D$4,1),ROW()-5),nevezettek,3,FALSE) -> Tóth Bálint | E7: =VLOOKUP(CONCATENATE(LEFT(E$4,1),ROW()-5),nevezettek,3,FALSE) -> Makszin Miklós | F7: =VLOOKUP(CONCATENATE(LEFT(F$4,1),ROW()-5),nevezettek,3,FALSE) -> Szerdahelyi Dániel | G7: =VLOOKUP(CONCATENATE(LEFT(G$4,1),ROW()-5),nevezettek,3,FALSE) -> 0 | H7: =VLOOKUP(CONCATENATE(LEFT(H$4,1),ROW()-5),nevezettek,3,FALSE) -> 0 | I7: 2 | L7: 2/3
A8: 3 | B8: =VLOOKUP(CONCATENATE(LEFT(B$4,1),ROW()-5),nevezettek,3,FALSE) -> Polgár István | C8: =VLOOKUP(CONCATENATE(LEFT(C$4,1),ROW()-5),nevezettek,3,FALSE) -> Kulcsár Sándor | D8: =VLOOKUP(CONCATENATE(LEFT(D$4,1),ROW()-5),nevezettek,3,FALSE) -> Börzsönyi Balázs | E8: =VLOOKUP(CONCATENATE(LEFT(E$4,1),ROW()-5),nevezettek,3,FALSE) -> Bíró Zoltán | F8: =VLOOKUP(CONCATENATE(LEFT(F$4,1),ROW()-5),nevezettek,3,FALSE) -> Vincze Krisztián | G8: =VLOOKUP(CONCATENATE(LEFT(G$4,1),ROW()-5),nevezettek,3,FALSE) -> 0 | H8: =VLOOKUP(CONCATENATE(LEFT(H$4,1),ROW()-5),nevezettek,3,FALSE) -> 0 | I8: 3 | L8: 1/4
A9: 4 | B9: =VLOOKUP(CONCATENATE(LEFT(B$4,1),ROW()-5),nevezettek,3,FALSE) -> Weisz György | C9: =VLOOKUP(CONCATENATE(LEFT(C$4,1),ROW()-5),nevezettek,3,FALSE) -> Bikali Balázs | D9: =VLOOKUP(CONCATENATE(LEFT(D$4,1),ROW()-5),nevezettek,3,FALSE) -> Kmet Alex | E9: =VLOOKUP(CONCATENATE(LEFT(E$4,1),ROW()-5),nevezettek,3,FALSE) -> Zsoldos Tamás | F9: =VLOOKUP(CONCATENATE(LEFT(F$4,1),ROW()-5),nevezettek,3,FALSE) -> Hajba Tibor | G9: =VLOOKUP(CONCATENATE(LEFT(G$4,1),ROW()-5),nevezettek,3,FALSE) -> 0 | H9: =VLOOKUP(CONCATENATE(LEFT(H$4,1),ROW()-5),nevezettek,3,FALSE) -> 0 | I9: 4 | L9: 0/5
A10: 5 | B10: =VLOOKUP(CONCATENATE(LEFT(B$4,1),ROW()-5),nevezettek,3,FALSE) -> Nagy Ferenc | C10: =VLOOKUP(CONCATENATE(LEFT(C$4,1),ROW()-5),nevezettek,3,FALSE) -> Markó Zoltán | D10: =VLOOKUP(CONCATENATE(LEFT(D$4,1),ROW()-5),nevezettek,3,FALSE) -> Bartus Péter | E10: =VLOOKUP(CONCATENATE(LEFT(E$4,1),ROW()-5),nevezettek,3,FALSE) -> Lukács Dániel | F10: =VLOOKUP(CONCATENATE(LEFT(F$4,1),ROW()-5),nevezettek,3,FALSE) -> Hajba Zoé | G10: =VLOOKUP(CONCATENATE(LEFT(G$4,1),ROW()-5),nevezettek,3,FALSE) -> 0 | H10: =VLOOKUP(CONCATENATE(LEFT(H$4,1),ROW()-5),nevezettek,3,FALSE) -> 0 | I10: 5 | L10: 5/-
A11: 6 | B11: =VLOOKUP(CONCATENATE(LEFT(B$4,1),ROW()-5),nevezettek,3,FALSE) -> Dombay Miklós | C11: =VLOOKUP(CONCATENATE(LEFT(C$4,1),ROW()-5),nevezettek,3,FALSE) -> Czupor András | D11: =VLOOKUP(CONCATENATE(LEFT(D$4,1),ROW()-5),nevezettek,3,FALSE) -> Fekete Tamás | E11: =VLOOKUP(CONCATENATE(LEFT(E$4,1),ROW()-5),nevezettek,3,FALSE) -> Molnár Milán | F11: =VLOOKUP(CONCATENATE(LEFT(F$4,1),ROW()-5),nevezettek,3,FALSE) -> Kovács Zsolt | G11: =VLOOKUP(CONCATENATE(LEFT(G$4,1),ROW()-5),nevezettek,3,FALSE) -> 0 | H11: =VLOOKUP(CONCATENATE(LEFT(H$4,1),ROW()-5),nevezettek,3,FALSE) -> 0 | I11: 6 | L11: -/5
A12: 7 | B12: =VLOOKUP(CONCATENATE(LEFT(B$4,1),ROW()-5),nevezettek,3,FALSE) -> Pék Róbert | C12: =VLOOKUP(CONCATENATE(LEFT(C$4,1),ROW()-5),nevezettek,3,FALSE) -> Varga Lorena | D12: =VLOOKUP(CONCATENATE(LEFT(D$4,1),ROW()-5),nevezettek,3,FALSE) -> Varga Tamás | E12: =VLOOKUP(CONCATENATE(LEFT(E$4,1),ROW()-5),nevezettek,3,FALSE) -> Bognár Barna | F12: =VLOOKUP(CONCATENATE(LEFT(F$4,1),ROW()-5),nevezettek,3,FALSE) -> Szekeres Martin | G12: =VLOOKUP(CONCATENATE(LEFT(G$4,1),ROW()-5),nevezettek,3,FALSE) -> 0 | H12: =VLOOKUP(CONCATENATE(LEFT(H$4,1),ROW()-5),nevezettek,3,FALSE) -> 0 | I12: 7
A13: 8 | B13: =VLOOKUP(CONCATENATE(LEFT(B$4,1),ROW()-5),nevezettek,3,FALSE) -> Kovács Gábor | C13: =VLOOKUP(CONCATENATE(LEFT(C$4,1),ROW()-5),nevezettek,3,FALSE) -> Kovács László | D13: =VLOOKUP(CONCATENATE(LEFT(D$4,1),ROW()-5),nevezettek,3,FALSE) -> Hatos Balázs | E13: =VLOOKUP(CONCATENATE(LEFT(E$4,1),ROW()-5),nevezettek,3,FALSE) -> Gáspár Júlia | F13: =VLOOKUP(CONCATENATE(LEFT(F$4,1),ROW()-5),nevezettek,3,FALSE) -> Némeh Balázs | G13: =VLOOKUP(CONCATENATE(LEFT(G$4,1),ROW()-5),nevezettek,3,FALSE) -> 0 | H13: =VLOOKUP(CONCATENATE(LEFT(H$4,1),ROW()-5),nevezettek,3,FALSE) -> 0 | I13: 8
A14: 9 | B14: =VLOOKUP(CONCATENATE(LEFT(B$4,1),ROW()-5),nevezettek,3,FALSE) -> 0 | C14: =VLOOKUP(CONCATENATE(LEFT(C$4,1),ROW()-5),nevezettek,3,FALSE) -> 0 | D14: =VLOOKUP(CONCATENATE(LEFT(D$4,1),ROW()-5),nevezettek,3,FALSE) -> 0 | E14: =VLOOKUP(CONCATENATE(LEFT(E$4,1),ROW()-5),nevezettek,3,FALSE) -> 0 | F14: =VLOOKUP(CONCATENATE(LEFT(F$4,1),ROW()-5),nevezettek,3,FALSE) -> Nagy Zoltán | G14: =VLOOKUP(CONCATENATE(LEFT(G$4,1),ROW()-5),nevezettek,3,FALSE) -> #N/A | H14: =VLOOKUP(CONCATENATE(LEFT(H$4,1),ROW()-5),nevezettek,3,FALSE) -> #N/A | I14: 9
A15: 10 | B15: =VLOOKUP(CONCATENATE(LEFT(B$4,1),ROW()-5),nevezettek,3,FALSE) -> 0 | C15: =VLOOKUP(CONCATENATE(LEFT(C$4,1),ROW()-5),nevezettek,3,FALSE) -> 0 | D15: =VLOOKUP(CONCATENATE(LEFT(D$4,1),ROW()-5),nevezettek,3,FALSE) -> 0 | E15: =VLOOKUP(CONCATENATE(LEFT(E$4,1),ROW()-5),nevezettek,3,FALSE) -> 0 | I15: 10
A16: 11 | D16: =VLOOKUP(CONCATENATE(LEFT(D$4,1),ROW()-5),nevezettek,3,FALSE) -> 0 | E16: =VLOOKUP(CONCATENATE(LEFT(E$4,1),ROW()-5),nevezettek,3,FALSE) -> 0
B18: JÁTÉKOSOK | C18: JÁTÉKOSOK | E18: =VLOOKUP(CONCATENATE(LEFT(E$4,1),ROW()-5),nevezettek,3,FALSE) -> #N/A | I18: 12
A19: 1 | B19: =VLOOKUP(CONCATENATE(LEFT(B$17,1),ROW()-17),nevezettek,3,FALSE) -> #N/A | C19: =VLOOKUP(CONCATENATE(LEFT(C$17,1),ROW()-17),nevezettek,3,FALSE) -> #N/A | E19: =VLOOKUP(CONCATENATE(LEFT(E$4,1),ROW()-5),nevezettek,3,FALSE) -> #N/A | I19: 13
A20: 2 | B20: =VLOOKUP(CONCATENATE(LEFT(B$17,1),ROW()-17),nevezettek,3,FALSE) -> #N/A | C20: =VLOOKUP(CONCATENATE(LEFT(C$17,1),ROW()-17),nevezettek,3,FALSE) -> #N/A | E20: =VLOOKUP(CONCATENATE(LEFT(E$4,1),ROW()-5),nevezettek,3,FALSE) -> #N/A | I20: 14
A21: 3 | B21: =VLOOKUP(CONCATENATE(LEFT(B$17,1),ROW()-17),nevezettek,3,FALSE) -> #N/A | C21: =VLOOKUP(CONCATENATE(LEFT(C$17,1),ROW()-17),nevezettek,3,FALSE) -> #N/A | E21: =VLOOKUP(CONCATENATE(LEFT(E$4,1),ROW()-5),nevezettek,3,FALSE) -> #N/A | I21: 15
A22: 4 | B22: =VLOOKUP(CONCATENATE(LEFT(B$17,1),ROW()-17),nevezettek,3,FALSE) -> #N/A | C22: =VLOOKUP(CONCATENATE(LEFT(C$17,1),ROW()-17),nevezettek,3,FALSE) -> #N/A | E22: =VLOOKUP(CONCATENATE(LEFT(E$4,1),ROW()-5),nevezettek,3,FALSE) -> #N/A | I22: 16
A23: 5 | B23: =VLOOKUP(CONCATENATE(LEFT(B$17,1),ROW()-17),nevezettek,3,FALSE) -> #N/A | C23: =VLOOKUP(CONCATENATE(LEFT(C$17,1),ROW()-17),nevezettek,3,FALSE) -> #N/A | E23: =VLOOKUP(CONCATENATE(LEFT(E$4,1),ROW()-5),nevezettek,3,FALSE) -> #N/A | I23: 17
A24: 6 | B24: =VLOOKUP(CONCATENATE(LEFT(B$17,1),ROW()-17),nevezettek,3,FALSE) -> #N/A | C24: =VLOOKUP(CONCATENATE(LEFT(C$17,1),ROW()-17),nevezettek,3,FALSE) -> #N/A | E24: =VLOOKUP(CONCATENATE(LEFT(E$4,1),ROW()-5),nevezettek,3,FALSE) -> #N/A | I24: 18
A25: 7 | B25: =VLOOKUP(CONCATENATE(LEFT(B$17,1),ROW()-17),nevezettek,3,FALSE) -> #N/A | C25: =VLOOKUP(CONCATENATE(LEFT(C$17,1),ROW()-17),nevezettek,3,FALSE) -> #N/A | E25: =VLOOKUP(CONCATENATE(LEFT(E$4,1),ROW()-5),nevezettek,3,FALSE) -> #N/A | I25: 19
A26: 8 | B26: =VLOOKUP(CONCATENATE(LEFT(B$17,1),ROW()-17),nevezettek,3,FALSE) -> #N/A | C26: =VLOOKUP(CONCATENATE(LEFT(C$17,1),ROW()-17),nevezettek,3,FALSE) -> #N/A | E26: =VLOOKUP(CONCATENATE(LEFT(E$4,1),ROW()-5),nevezettek,3,FALSE) -> #N/A | I26: 20
A27: 9 | E27: =VLOOKUP(CONCATENATE(LEFT(E$4,1),ROW()-5),nevezettek,3,FALSE) -> #N/A | I27: 21
E28: Tóth Bálint | I28: 22

Sheet Versenykiírás

Sheet Ligabeosztas
A1: Csoport | B1: Sorsz. | C1: Név | D1: Csop. | E1: S.sz. | F1: Cs. | G1: Hely | H1: Kiszállt (induló új körben_itt lett volna) | N1: Telefonszám | O1: e-mail cím
A2: =F2 -> A1 | B2: =ROW()-1 -> 1 | C2: Marton Zoltán | D2: A | E2: =IF(D2=D1,E1+1,1) -> 1 | F2: =CONCATENATE(D2,E2) -> A1 | G2: =VLOOKUP(C2,INDIRECT("'"&D2&" liga'!$A$1:$P$33"),16,FALSE) -> 1
A3: =F3 -> A2 | B3: =ROW()-1 -> 2 | C3: Tóth Zoltán | D3: A | E3: =IF(D3=D2,E2+1,1) -> 2 | F3: =CONCATENATE(D3,E3) -> A2 | G3: =VLOOKUP(C3,INDIRECT("'"&D3&" liga'!$A$1:$P$33"),16,FALSE) -> 1
A4: =F4 -> A3 | B4: =ROW()-1 -> 3 | C4: Polgár István | D4: A | E4: =IF(D4=D3,E3+1,1) -> 3 | F4: =CONCATENATE(D4,E4) -> A3 | G4: =VLOOKUP(C4,INDIRECT("'"&D4&" liga'!$A$1:$P$33"),16,FALSE) -> 1
A5: =F5 -> A4 | B5: =ROW()-1 -> 4 | C5: Weisz György | D5: A | E5: =IF(D5=D4,E4+1,1) -> 4 | F5: =CONCATENATE(D5,E5) -> A4 | G5: =VLOOKUP(C5,INDIRECT("'"&D5&" liga'!$A$1:$P$33"),16,FALSE) -> 1
A6: =F6 -> A5 | B6: =ROW()-1 -> 5 | C6: Nagy Ferenc | D6: A | E6: =IF(D6=D5,E5+1,1) -> 5 | F6: =CONCATENATE(D6,E6) -> A5 | G6: =VLOOKUP(C6,INDIRECT("'"&D6&" liga'!$A$1:$P$33"),16,FALSE) -> 1
A7: =F7 -> A6 | B7: =ROW()-1 -> 6 | C7: Dombay Miklós | D7: A | E7: =IF(D7=D6,E6+1,1) -> 6 | F7: =CONCATENATE(D7,E7) -> A6 | G7: =VLOOKUP(C7,INDIRECT("'"&D7&" liga'!$A$1:$P$33"),16,FALSE) -> 1
A8: =F8 -> A7 | B8: =ROW()-1 -> 7 | C8: Pék Róbert | D8: A | E8: =IF(D8=D7,E7+1,1) -> 7 | F8: =CONCATENATE(D8,E8) -> A7 | G8: =VLOOKUP(C8,INDIRECT("'"&D8&" liga'!$A$1:$P$33"),16,FALSE) -> 1
A9: =F9 -> A8 | B9: =ROW()-1 -> 8 | C9: Kovács Gábor | D9: A | E9: =IF(D9=D8,E8+1,1) -> 8 | F9: =CONCATENATE(D9,E9) -> A8 | G9: =VLOOKUP(C9,INDIRECT("'"&D9&" liga'!$A$1:$P$33"),16,FALSE) -> 1
A10: =F10 -> A9 | B10: =ROW()-1 -> 9 | D10: A | E10: =IF(D10=D9,E9+1,1) -> 9 | F10: =CONCATENATE(D10,E10) -> A9 | G10: =VLOOKUP(C10,INDIRECT("'"&D10&" liga'!$A$1:$P$33"),16,FALSE) -> 1
A11: =F11 -> A10 | B11: =ROW()-1 -> 10 | D11: A | E11: =IF(D11=D10,E10+1,1) -> 10 | F11: =CONCATENATE(D11,E11) -> A10 | G11: =VLOOKUP(C11,INDIRECT("'"&D11&" liga'!$A$1:$P$33"),16,FALSE) -> 1
A12: =F12 -> B1 | B12: =ROW()-1 -> 11 | C12: Sákovics Péter | D12: B | E12: =IF(D12=D8,E8+1,1) -> 1 | F12: =CONCATENATE(D12,E12) -> B1 | G12: =VLOOKUP(C12,INDIRECT("'"&D12&" liga'!$A$1:$O$30"),15,FALSE) -> 0
A13: =F13 -> B2 | B13: =ROW()-1 -> 12 | C13: Tóth István | D13: B | E13: =IF(D13=D12,E12+1,1) -> 2 | F13: =CONCATENATE(D13,E13) -> B2 | G13: =VLOOKUP(C13,INDIRECT("'"&D13&" liga'!$A$1:$O$30"),15,FALSE) -> 0
A14: =F14 -> B3 | B14: =ROW()-1 -> 13 | C14: Kulcsár Sándor | D14: B | E14: =IF(D14=D13,E13+1,1) -> 3 | F14: =CONCATENATE(D14,E14) -> B3 | G14: =VLOOKUP(C14,INDIRECT("'"&D14&" liga'!$A$1:$O$30"),15,FALSE) -> 0
A15: =F15 -> B4 | B15: =ROW()-1 -> 14 | C15: Bikali Balázs | D15: B | E15: =IF(D15=D14,E14+1,1) -> 4 | F15: =CONCATENATE(D15,E15) -> B4 | G15: =VLOOKUP(C15,INDIRECT("'"&D15&" liga'!$A$1:$O$30"),15,FALSE) -> 0
A16: =F16 -> B5 | B16: =ROW()-1 -> 15 | C16: Markó Zoltán | D16: B | E16: =IF(D16=D15,E15+1,1) -> 5 | F16: =CONCATENATE(D16,E16) -> B5 | G16: =VLOOKUP(C16,INDIRECT("'"&D16&" liga'!$A$1:$O$30"),15,FALSE) -> 0
A17: =F17 -> B6 | B17: =ROW()-1 -> 16 | C17: Czupor András | D17: B | E17: =IF(D17=D16,E16+1,1) -> 6 | F17: =CONCATENATE(D17,E17) -> B6 | G17: =VLOOKUP(C17,INDIRECT("'"&D17&" liga'!$A$1:$O$30"),15,FALSE) -> 0
A18: =F18 -> B7 | B18: =ROW()-1 -> 17 | C18: Varga Lorena | D18: B | E18: =IF(D18=D17,E17+1,1) -> 7 | F18: =CONCATENATE(D18,E18) -> B7 | G18: =VLOOKUP(C18,INDIRECT("'"&D18&" liga'!$A$1:$O$30"),15,FALSE) -> 0
A19: =F19 -> B8 | B19: =ROW()-1 -> 18 | C19: Kovács László | D19: B | E19: =IF(D19=D18,E18+1,1) -> 8 | F19: =CONCATENATE(D19,E19) -> B8 | G19: =VLOOKUP(C19,INDIRECT("'"&D19&" liga'!$A$1:$O$30"),15,FALSE) -> 0
A20: =F20 -> B9 | B20: =ROW()-1 -> 19 | D20: B | E20: =IF(D20=D19,E19+1,1) -> 9 | F20: =CONCATENATE(D20,E20) -> B9 | G20: =VLOOKUP(C20,INDIRECT("'"&D20&" liga'!$A$1:$O$30"),15,FALSE) -> 0
A21: =F21 -> B10 | B21: =ROW()-1 -> 20 | D21: B | E21: =IF(D21=D20,E20+1,1) -> 10 | F21: =CONCATENATE(D21,E21) -> B10 | G21: =VLOOKUP(C21,INDIRECT("'"&D21&" liga'!$A$1:$O$30"),15,FALSE) -> 0
A22: =F22 -> C1 | B22: =ROW()-1 -> 21 | C22: Székely Árpád | D22: C | E22: =IF(D22=D17,E17+1,1) -> 1 | F22: =CONCATENATE(D22,E22) -> C1 | G22: =VLOOKUP(C22,INDIRECT("'"&D22&" liga'!$A$1:$O$30"),15,FALSE) -> 0
A23: =F23 -> C2 | B23: =ROW()-1 -> 22 | C23: Tóth Bálint | D23: C | E23: =IF(D23=D22,E22+1,1) -> 2 | F23: =CONCATENATE(D23,E23) -> C2 | G23: =VLOOKUP(C23,INDIRECT("'"&D23&" liga'!$A$1:$O$30"),15,FALSE) -> 0
A24: =F24 -> C3 | B24: =ROW()-1 -> 23 | C24: Börzsönyi Balázs | D24: C | E24: =IF(D24=D23,E23+1,1) -> 3 | F24: =CONCATENATE(D24,E24) -> C3 | G24: =VLOOKUP(C24,INDIRECT("'"&D24&" liga'!$A$1:$O$30"),15,FALSE) -> 0
A25: =F25 -> C4 | B25: =ROW()-1 -> 24 | C25: Kmet Alex | D25: C | E25: =IF(D25=D24,E24+1,1) -> 4 | F25: =CONCATENATE(D25,E25) -> C4 | G25: =VLOOKUP(C25,INDIRECT("'"&D25&" liga'!$A$1:$O$30"),15,FALSE) -> 0
A26: =F26 -> C5 | B26: =ROW()-1 -> 25 | C26: Bartus Péter | D26: C | E26: =IF(D26=D25,E25+1,1) -> 5 | F26: =CONCATENATE(D26,E26) -> C5 | G26: =VLOOKUP(C26,INDIRECT("'"&D26&" liga'!$A$1:$O$30"),15,FALSE) -> 0
A27: =F27 -> C6 | B27: =ROW()-1 -> 26 | C27: Fekete Tamás | D27: C | E27: =IF(D27=D26,E26+1,1) -> 6 | F27: =CONCATENATE(D27,E27) -> C6 | G27: =VLOOKUP(C27,INDIRECT("'"&D27&" liga'!$A$1:$O$30"),15,FALSE) -> 0
A28: =F28 -> C7 | B28: =ROW()-1 -> 27 | C28: Varga Tamás | D28: C | E28: =IF(D28=D27,E27+1,1) -> 7 | F28: =CONCATENATE(D28,E28) -> C7 | G28: =VLOOKUP(C28,INDIRECT("'"&D28&" liga'!$A$1:$O$30"),15,FALSE) -> 0
A29: =F29 -> C8 | B29: =ROW()-1 -> 28 | C29: Hatos Balázs | D29: C | E29: =IF(D29=D28,E28+1,1) -> 8 | F29: =CONCATENATE(D29,E29) -> C8 | G29: =VLOOKUP(C29,INDIRECT("'"&D29&" liga'!$A$1:$O$30"),15,FALSE) -> 0
A30: =F30 -> C9 | B30: =ROW()-1 -> 29 | D30: C | E30: =IF(D30=D29,E29+1,1) -> 9 | F30: =CONCATENATE(D30,E30) -> C9 | G30: =VLOOKUP(C30,INDIRECT("'"&D30&" liga'!$A$1:$O$30"),15,FALSE) -> 0
A31: C10 | B31: =ROW()-1 -> 30 | D31: C | E31: =IF(D31=D29,E29+1,1) -> 9 | F31: C10 | G31: =VLOOKUP(C31,INDIRECT("'"&D31&" liga'!$A$1:$O$30"),15,FALSE) -> 0
A32: C11 | B32: =ROW()-1 -> 31 | D32: C | E32: =IF(D32=D30,E30+1,1) -> 10 | F32: C11 | G32: =VLOOKUP(C32,INDIRECT("'"&D32&" liga'!$A$1:$O$30"),15,FALSE) -> 0
A33: =F33 -> D1 | B33: =ROW()-1 -> 32 | C33: Bankits Csaba | D33: D | E33: =IF(D33=D28,E28+1,1) -> 1 | F33: =CONCATENATE(D33,E33) -> D1
A34: =F34 -> D2 | B34: =ROW()-1 -> 33 | C34: Makszin Miklós | D34: D | E34: =IF(D34=D33,E33+1,1) -> 2 | F34: =CONCATENATE(D34,E34) -> D2
A35: =F35 -> D3 | B35: =ROW()-1 -> 34 | C35: Bíró Zoltán | D35: D | E35: =IF(D35=D34,E34+1,1) -> 3 | F35: =CONCATENATE(D35,E35) -> D3
A36: =F36 -> D4 | B36: =ROW()-1 -> 35 | C36: Zsoldos Tamás | D36: D | E36: =IF(D36=D35,E35+1,1) -> 4 | F36: =CONCATENATE(D36,E36) -> D4
A37: =F37 -> D5 | B37: =ROW()-1 -> 36 | C37: Lukács Dániel | D37: D | E37: =IF(D37=D36,E36+1,1) -> 5 | F37: =CONCATENATE(D37,E37) -> D5
A38: =F38 -> D6 | B38: =ROW()-1 -> 37 | C38: Molnár Milán | D38: D | E38: =IF(D38=D37,E37+1,1) -> 6 | F38: =CONCATENATE(D38,E38) -> D6
A39: =F39 -> D7 | B39: =ROW()-1 -> 38 | C39: Bognár Barna | D39: D | E39: =IF(D39=D38,E38+1,1) -> 7 | F39: =CONCATENATE(D39,E39) -> D7
A40: =F40 -> D8 | B40: =ROW()-1 -> 39 | C40: Gáspár Júlia | D40: D | E40: =IF(D40=D39,E39+1,1) -> 8 | F40: =CONCATENATE(D40,E40) -> D8
A41: =F41 -> D9 | B41: =ROW()-1 -> 40 | D41: D | E41: =IF(D41=D40,E40+1,1) -> 9 | F41: =CONCATENATE(D41,E41) -> D9
A42: =F42 -> D10 | B42: =ROW()-1 -> 41 | D42: D | E42: =IF(D42=D41,E41+1,1) -> 10 | F42: =CONCATENATE(D42,E42) -> D10
A43: =F43 -> D11 | B43: =ROW()-1 -> 42 | D43: D | E43: =IF(D43=D42,E42+1,1) -> 11 | F43: =CONCATENATE(D43,E43) -> D11
A44: =F44 -> E1 | B44: =ROW()-1 -> 43 | C44: Bakos Mátyás | D44: E | E44: =IF(D44=D43,E43+1,1) -> 1 | F44: =CONCATENATE(D44,E44) -> E1 | G44: =VLOOKUP(C44,INDIRECT("'"&D44&" liga'!$A$1:$O$30"),15,FALSE) -> 4
A45: =F45 -> E2 | B45: =ROW()-1 -> 44 | C45: Szerdahelyi Dániel | D45: E | E45: =IF(D45=D44,E44+1,1) -> 2 | F45: =CONCATENATE(D45,E45) -> E2 | G45: =VLOOKUP(C45,INDIRECT("'"&D45&" liga'!$A$1:$O$30"),15,FALSE) -> 1
A46: =F46 -> E3 | B46: =ROW()-1 -> 45 | C46: Vincze Krisztián | D46: E | E46: =IF(D46=D45,E45+1,1) -> 3 | F46: =CONCATENATE(D46,E46) -> E3 | G46: =VLOOKUP(C46,INDIRECT("'"&D46&" liga'!$A$1:$O$30"),15,FALSE) -> 2
A47: =F47 -> E4 | B47: =ROW()-1 -> 46 | C47: Hajba Tibor | D47: E | E47: =IF(D47=D46,E46+1,1) -> 4 | F47: =CONCATENATE(D47,E47) -> E4 | G47: =VLOOKUP(C47,INDIRECT("'"&D47&" liga'!$A$1:$O$30"),15,FALSE) -> 6
A48: =F48 -> E5 | B48: =ROW()-1 -> 47 | C48: Hajba Zoé | D48: E | E48: =IF(D48=D47,E47+1,1) -> 5 | F48: =CONCATENATE(D48,E48) -> E5 | G48: =VLOOKUP(C48,INDIRECT("'"&D48&" liga'!$A$1:$O$30"),15,FALSE) -> 5
A49: =F49 -> E6 | B49: =ROW()-1 -> 48 | C49: Kovács Zsolt | D49: E | E49: =IF(D49=D48,E48+1,1) -> 6 | F49: =CONCATENATE(D49,E49) -> E6 | G49: =VLOOKUP(C49,INDIRECT("'"&D49&" liga'!$A$1:$O$30"),15,FALSE) -> 9
A50: =F50 -> E7 | B50: =ROW()-1 -> 49 | C50: Szekeres Martin | D50: E | E50: =IF(D50=D49,E49+1,1) -> 7 | F50: =CONCATENATE(D50,E50) -> E7 | G50: =VLOOKUP(C50,INDIRECT("'"&D50&" liga'!$A$1:$O$30"),15,FALSE) -> 7
A51: =F51 -> E8 | B51: =ROW()-1 -> 50 | C51: Némeh Balázs | D51: E | E51: =IF(D51=D50,E50+1,1) -> 8 | F51: =CONCATENATE(D51,E51) -> E8 | G51: =VLOOKUP(C51,INDIRECT("'"&D51&" liga'!$A$1:$O$30"),15,FALSE) -> 3
A52: =F52 -> E9 | B52: =ROW()-1 -> 51 | C52: Nagy Zoltán | D52: E | E52: =IF(D52=D51,E51+1,1) -> 9 | F52: =CONCATENATE(D52,E52) -> E9 | G52: =VLOOKUP(C52,INDIRECT("'"&D52&" liga'!$A$1:$O$30"),15,FALSE) -> 8
A53: =F53 -> F1 | B53: =ROW()-1 -> 52 | D53: F | E53: =IF(D53=D52,E52+1,1) -> 1 | F53: =CONCATENATE(D53,E53) -> F1 | G53: =VLOOKUP(C53,INDIRECT("'"&D53&" liga'!$A$1:$O$30"),15,FALSE) -> 1
A54: =F54 -> F2 | B54: =ROW()-1 -> 53 | D54: F | E54: =IF(D54=D53,E53+1,1) -> 2 | F54: =CONCATENATE(D54,E54) -> F2 | G54: =VLOOKUP(C54,INDIRECT("'"&D54&" liga'!$A$1:$O$30"),15,FALSE) -> 1
A55: =F55 -> F3 | B55: =ROW()-1 -> 54 | D55: F | E55: =IF(D55=D54,E54+1,1) -> 3 | F55: =CONCATENATE(D55,E55) -> F3 | G55: =VLOOKUP(C55,INDIRECT("'"&D55&" liga'!$A$1:$O$30"),15,FALSE) -> 1
A56: =F56 -> F4 | B56: =ROW()-1 -> 55 | D56: F | E56: =IF(D56=D55,E55+1,1) -> 4 | F56: =CONCATENATE(D56,E56) -> F4 | G56: =VLOOKUP(C56,INDIRECT("'"&D56&" liga'!$A$1:$O$30"),15,FALSE) -> 1
A57: =F57 -> F5 | B57: =ROW()-1 -> 56 | D57: F | E57: =IF(D57=D56,E56+1,1) -> 5 | F57: =CONCATENATE(D57,E57) -> F5 | G57: =VLOOKUP(C57,INDIRECT("'"&D57&" liga'!$A$1:$O$30"),15,FALSE) -> 1
A58: =F58 -> F6 | B58: =ROW()-1 -> 57 | D58: F | E58: =IF(D58=D57,E57+1,1) -> 6 | F58: =CONCATENATE(D58,E58) -> F6 | G58: =VLOOKUP(C58,INDIRECT("'"&D58&" liga'!$A$1:$O$30"),15,FALSE) -> 1
A59: =F59 -> F7 | B59: =ROW()-1 -> 58 | D59: F | E59: =IF(D59=D58,E58+1,1) -> 7 | F59: =CONCATENATE(D59,E59) -> F7 | G59: =VLOOKUP(C59,INDIRECT("'"&D59&" liga'!$A$1:$O$30"),15,FALSE) -> 1
A60: =F60 -> F8 | B60: =ROW()-1 -> 59 | D60: F | E60: =IF(D60=D59,E59+1,1) -> 8 | F60: =CONCATENATE(D60,E60) -> F8 | G60: =VLOOKUP(C60,INDIRECT("'"&D60&" liga'!$A$1:$O$30"),15,FALSE) -> 1
A61: G1 | B61: =ROW()-1 -> 60 | D61: Z | E61: =IF(D61=D60,E60+1,1) -> 1 | F61: =CONCATENATE(D61,E61) -> Z1 | G61: =VLOOKUP(C61,INDIRECT("'"&D61&" liga'!$A$1:$O$30"),15,FALSE) -> #REF!
A62: G2 | B62: =ROW()-1 -> 61 | D62: Z | E62: =IF(D62=D61,E61+1,1) -> 2 | F62: =CONCATENATE(D62,E62) -> Z2 | G62: =VLOOKUP(C62,INDIRECT("'"&D62&" liga'!$A$1:$O$30"),15,FALSE) -> #REF!
A63: G3 | B63: =ROW()-1 -> 62 | D63: Z | E63: =IF(D63=D62,E62+1,1) -> 3 | F63: =CONCATENATE(D63,E63) -> Z3 | G63: =VLOOKUP(C63,INDIRECT("'"&D63&" liga'!$A$1:$O$30"),15,FALSE) -> #REF!
A64: G4 | B64: =ROW()-1 -> 63 | D64: Z | E64: =IF(D64=D63,E63+1,1) -> 4 | F64: =CONCATENATE(D64,E64) -> Z4 | G64: =VLOOKUP(C64,INDIRECT("'"&D64&" liga'!$A$1:$O$30"),15,FALSE) -> #REF!
A65: G5 | B65: =ROW()-1 -> 64 | D65: Z | E65: =IF(D65=D64,E64+1,1) -> 5 | F65: =CONCATENATE(D65,E65) -> Z5 | G65: =VLOOKUP(C65,INDIRECT("'"&D65&" liga'!$A$1:$O$30"),15,FALSE) -> #REF!
A66: G6 | B66: =ROW()-1 -> 65 | D66: Z | E66: =IF(D66=D65,E65+1,1) -> 6 | F66: =CONCATENATE(D66,E66) -> Z6 | G66: =VLOOKUP(C66,INDIRECT("'"&D66&" liga'!$A$1:$O$30"),15,FALSE) -> #REF!
A67: G7 | B67: =ROW()-1 -> 66 | D67: Z | E67: =IF(D67=D66,E66+1,1) -> 7 | F67: =CONCATENATE(D67,E67) -> Z7 | G67: =VLOOKUP(C67,INDIRECT("'"&D67&" liga'!$A$1:$O$30"),15,FALSE) -> #REF!
A68: G8 | B68: =ROW()-1 -> 67 | D68: Z | E68: =IF(D68=D67,E67+1,1) -> 8 | F68: =CONCATENATE(D68,E68) -> Z8 | G68: =VLOOKUP(C68,INDIRECT("'"&D68&" liga'!$A$1:$O$30"),15,FALSE) -> #REF!
A69: =F69 -> Z9 | B69: =ROW()-1 -> 68 | D69: Z | E69: =IF(D69=D68,E68+1,1) -> 9 | F69: =CONCATENATE(D69,E69) -> Z9 | G69: =VLOOKUP(C69,INDIRECT("'"&D69&" liga'!$A$1:$O$30"),15,FALSE) -> #REF!
A70: =F70 -> Z10 | B70: =ROW()-1 -> 69 | D70: Z | E70: =IF(D70=D69,E69+1,1) -> 10 | F70: =CONCATENATE(D70,E70) -> Z10 | G70: =VLOOKUP(C70,INDIRECT("'"&D70&" liga'!$A$1:$O$30"),15,FALSE) -> #REF!
A71: =F71 -> Z11 | B71: =ROW()-1 -> 70 | D71: Z | E71: =IF(D71=D70,E70+1,1) -> 11 | F71: =CONCATENATE(D71,E71) -> Z11 | G71: =VLOOKUP(C71,INDIRECT("'"&D71&" liga'!$A$1:$O$30"),15,FALSE) -> #REF!
A72: =F72 -> Z12 | B72: =ROW()-1 -> 71 | D72: Z | E72: =IF(D72=D71,E71+1,1) -> 12 | F72: =CONCATENATE(D72,E72) -> Z12 | G72: =VLOOKUP(C72,INDIRECT("'"&D72&" liga'!$A$1:$O$30"),15,FALSE) -> #REF!
A73: =F73 -> Z13 | B73: =ROW()-1 -> 72 | D73: Z | E73: =IF(D73=D72,E72+1,1) -> 13 | F73: =CONCATENATE(D73,E73) -> Z13 | G73: =VLOOKUP(C73,INDIRECT("'"&D73&" liga'!$A$1:$O$30"),15,FALSE) -> #REF!
A74: =F74 -> Z14 | B74: =ROW()-1 -> 73 | C74: Baumstark Orsolya | D74: Z | E74: =IF(D74=D73,E73+1,1) -> 14 | F74: =CONCATENATE(D74,E74) -> Z14 | G74: =VLOOKUP(C74,INDIRECT("'"&D74&" liga'!$A$1:$O$30"),15,FALSE) -> #REF!
A75: =F75 -> Z15 | B75: =ROW()-1 -> 74 | C75: Beamish Richard | D75: Z | E75: =IF(D75=D74,E74+1,1) -> 15 | F75: =CONCATENATE(D75,E75) -> Z15 | G75: =VLOOKUP(C75,INDIRECT("'"&D75&" liga'!$A$1:$O$30"),15,FALSE) -> #REF!
A76: =F76 -> Z16 | B76: =ROW()-1 -> 75 | C76: Bene Csaba | D76: Z | E76: =IF(D76=D75,E75+1,1) -> 16 | F76: =CONCATENATE(D76,E76) -> Z16 | G76: =VLOOKUP(C76,INDIRECT("'"&D76&" liga'!$A$1:$O$30"),15,FALSE) -> #REF! | H76: F50
A77: =F77 -> Z17 | B77: =ROW()-1 -> 76 | C77: Bene Gábor | D77: Z | E77: =IF(D77=D76,E76+1,1) -> 17 | F77: =CONCATENATE(D77,E77) -> Z17 | G77: =VLOOKUP(C77,INDIRECT("'"&D77&" liga'!$A$1:$O$30"),15,FALSE) -> #REF!
A78: =F78 -> Z18 | B78: =ROW()-1 -> 77 | C78: Benedek Géza | D78: Z | E78: =IF(D78=D77,E77+1,1) -> 18 | F78: =CONCATENATE(D78,E78) -> Z18 | G78: =VLOOKUP(C78,INDIRECT("'"&D78&" liga'!$A$1:$O$30"),15,FALSE) -> #REF! | H78: 65_F
A79: =F79 -> Z19 | B79: =ROW()-1 -> 78 | C79: Berki Gergely | D79: Z | E79: =IF(D79=D78,E78+1,1) -> 19 | F79: =CONCATENATE(D79,E79) -> Z19 | G79: =VLOOKUP(C79,INDIRECT("'"&D79&" liga'!$A$1:$O$30"),15,FALSE) -> #REF!
A80: =F80 -> Z20 | B80: =ROW()-1 -> 79 | C80: Biot Guillermo | D80: Z | E80: =IF(D80=D79,E79+1,1) -> 20 | F80: =CONCATENATE(D80,E80) -> Z20 | G80: =VLOOKUP(C80,INDIRECT("'"&D80&" liga'!$A$1:$O$30"),15,FALSE) -> #REF! | H80: F44
A81: =F81 -> Z21 | B81: =ROW()-1 -> 80 | C81: Bíró Zsolt | D81: Z | E81: =IF(D81=D80,E80+1,1) -> 21 | F81: =CONCATENATE(D81,E81) -> Z21 | G81: =VLOOKUP(C81,INDIRECT("'"&D81&" liga'!$A$1:$O$30"),15,FALSE) -> #REF! | H81: 68_E
A82: =F82 -> Z22 | B82: =ROW()-1 -> 81 | C82: Bodnár Sándor | D82: Z | E82: =IF(D82=D81,E81+1,1) -> 22 | F82: =CONCATENATE(D82,E82) -> Z22 | G82: =VLOOKUP(C82,INDIRECT("'"&D82&" liga'!$A$1:$O$30"),15,FALSE) -> #REF! | H82: 62_K_F
A83: =F83 -> Z23 | B83: =ROW()-1 -> 82 | C83: Bodoky Lukács Márk | D83: Z | E83: =IF(D83=D82,E82+1,1) -> 23 | F83: =CONCATENATE(D83,E83) -> Z23 | G83: =VLOOKUP(C83,INDIRECT("'"&D83&" liga'!$A$1:$O$30"),15,FALSE) -> #REF! | H83: 67_G
A84: =F84 -> Z24 | B84: =ROW()-1 -> 83 | C84: Bógyi Attila | D84: Z | E84: =IF(D84=D83,E83+1,1) -> 24 | F84: =CONCATENATE(D84,E84) -> Z24 | G84: =VLOOKUP(C84,INDIRECT("'"&D84&" liga'!$A$1:$O$30"),15,FALSE) -> #REF! | H84: 62_K_B
A85: =F85 -> Z25 | B85: =ROW()-1 -> 84 | C85: Bojtár Tamás | D85: Z | E85: =IF(D85=D84,E84+1,1) -> 25 | F85: =CONCATENATE(D85,E85) -> Z25 | G85: =VLOOKUP(C85,INDIRECT("'"&D85&" liga'!$A$1:$O$30"),15,FALSE) -> #REF! | H85: F46
A86: =F86 -> Z26 | B86: =ROW()-1 -> 85 | C86: Boros Szilárd | D86: Z | E86: =IF(D86=D85,E85+1,1) -> 26 | F86: =CONCATENATE(D86,E86) -> Z26 | G86: =VLOOKUP(C86,INDIRECT("'"&D86&" liga'!$A$1:$O$30"),15,FALSE) -> #REF!
A87: =F87 -> Z27 | B87: =ROW()-1 -> 86 | C87: Brucker Péter | D87: Z | E87: =IF(D87=D86,E86+1,1) -> 27 | F87: =CONCATENATE(D87,E87) -> Z27 | G87: =VLOOKUP(C87,INDIRECT("'"&D87&" liga'!$A$1:$O$30"),15,FALSE) -> #REF! | H87: E47
A88: =F88 -> Z28 | B88: =ROW()-1 -> 87 | C88: Csákvári Zsolt | D88: Z | E88: =IF(D88=D87,E87+1,1) -> 28 | F88: =CONCATENATE(D88,E88) -> Z28 | G88: =VLOOKUP(C88,INDIRECT("'"&D88&" liga'!$A$1:$P$33"),16,FALSE) -> #REF! | H88: 68_C
A89: =F89 -> Z29 | B89: =ROW()-1 -> 88 | C89: Csalló Miklós | D89: Z | E89: =IF(D89=D88,E88+1,1) -> 29 | F89: =CONCATENATE(D89,E89) -> Z29 | G89: =VLOOKUP(C89,INDIRECT("'"&D89&" liga'!$A$1:$O$30"),15,FALSE) -> #REF! | H89: 55_E
A90: =F90 -> Z30 | B90: =ROW()-1 -> 89 | C90: Csató Csilla | D90: Z | E90: =IF(D90=D89,E89+1,1) -> 30 | F90: =CONCATENATE(D90,E90) -> Z30 | G90: =VLOOKUP(C90,INDIRECT("'"&D90&" liga'!$A$1:$O$30"),15,FALSE) -> #REF!
A91: =F91 -> Z31 | B91: =ROW()-1 -> 90 | C91: Cserbakői Endre | D91: Z | E91: =IF(D91=D90,E90+1,1) -> 31 | F91: =CONCATENATE(D91,E91) -> Z31 | G91: =VLOOKUP(C91,INDIRECT("'"&D91&" liga'!$A$1:$O$30"),15,FALSE) -> #REF! | H91: F43
A92: =F92 -> Z32 | B92: =ROW()-1 -> 91 | C92: Csillag Dávid | D92: Z | E92: =IF(D92=D91,E91+1,1) -> 32 | F92: =CONCATENATE(D92,E92) -> Z32 | G92: =VLOOKUP(C92,INDIRECT("'"&D92&" liga'!$A$1:$O$30"),15,FALSE) -> #REF! | H92: E44
A93: =F93 -> Z33 | B93: =ROW()-1 -> 92 | C93: Csomor Edina | D93: Z | E93: =IF(D93=D92,E92+1,1) -> 33 | F93: =CONCATENATE(D93,E93) -> Z33 | G93: =VLOOKUP(C93,INDIRECT("'"&D93&" liga'!$A$1:$O$30"),15,FALSE) -> #REF! | H93: 57_E
A94: =F94 -> Z34 | B94: =ROW()-1 -> 93 | C94: Csontos Anna Zsófia | D94: Z | E94: =IF(D94=D93,E93+1,1) -> 34 | F94: =CONCATENATE(D94,E94) -> Z34 | G94: =VLOOKUP(C94,INDIRECT("'"&D94&" liga'!$A$1:$O$30"),15,FALSE) -> #REF! | H94: 65_F
A95: =F95 -> Z35 | B95: =ROW()-1 -> 94 | C95: Dalos Attila | D95: Z | E95: =IF(D95=D94,E94+1,1) -> 35 | F95: =CONCATENATE(D95,E95) -> Z35 | G95: =VLOOKUP(C95,INDIRECT("'"&D95&" liga'!$A$1:$O$30"),15,FALSE) -> #REF! | H95: C44
A96: =F96 -> Z36 | B96: =ROW()-1 -> 95 | C96: Dávid Bence | D96: Z | E96: =IF(D96=D95,E95+1,1) -> 36 | F96: =CONCATENATE(D96,E96) -> Z36 | G96: =VLOOKUP(C96,INDIRECT("'"&D96&" liga'!$A$1:$O$30"),15,FALSE) -> #REF! | H96: 60_G
A97: =F97 -> Z37 | B97: =ROW()-1 -> 96 | C97: David Stuckey | D97: Z | E97: =IF(D97=D96,E96+1,1) -> 37 | F97: =CONCATENATE(D97,E97) -> Z37 | G97: =VLOOKUP(C97,INDIRECT("'"&D97&" liga'!$A$1:$O$30"),15,FALSE) -> #REF!
A98: =F98 -> Z38 | B98: =ROW()-1 -> 97 | C98: Dávid Viktor | D98: Z | E98: =IF(D98=D97,E97+1,1) -> 38 | F98: =CONCATENATE(D98,E98) -> Z38 | G98: =VLOOKUP(C98,INDIRECT("'"&D98&" liga'!$A$1:$O$30"),15,FALSE) -> #REF! | H98: 57_A
A99: =F99 -> Z39 | B99: =ROW()-1 -> 98 | C99: Delport Willem | D99: Z | E99: =IF(D99=D98,E98+1,1) -> 39 | F99: =CONCATENATE(D99,E99) -> Z39 | G99: =VLOOKUP(C99,INDIRECT("'"&D99&" liga'!$A$1:$O$30"),15,FALSE) -> #REF!
A100: =F100 -> Z40 | B100: =ROW()-1 -> 99 | C100: Dénes Ferenc | D100: Z | E100: =IF(D100=D99,E99+1,1) -> 40 | F100: =CONCATENATE(D100,E100) -> Z40 | G100: =VLOOKUP(C100,INDIRECT("'"&D100&" liga'!$A$1:$O$30"),15,FALSE) -> #REF!
...

Sheet Elérhetőség
A1: Antal Péter | B1: +36 70 9353654 | C1: aanti29@gmail.com
A2: Bakos Mátyás | B2: +36 70 522 3599 | C2: matyasbakos1@gmail.com
A3: Bankits Csaba | B3: +36 30 449 1079 | C3: bankits.csaba@gmail.com
A4: Bartus Péter | B4: +36 30 692 5906 | C4: bartuspeter22@gmail.com
A5: Bikali Balázs | B5: +36 70 616 9669 | C5: bikali.balazs.ovb@gmail.com
A6: Bilics László | B6: +36 70 949 1715 | C6: lacibilics@gmail.com
A7: Bíró Zoltán | B7: +36 30 348 7165 | C7: biri03@gmail.com
A8: Bognár Barna | B8: +36 30 979 9263 | C8: bogobot656@gmail.com
A9: Börzsönyi Balázs | B9: +36 30 305 0972 | C9: borzbal@arasz.hu
A10: Czupor András | B10: +36 70 332 1214 | C10: czupor.attila@cellkabel.hu
A11: Dobai László | B11: +36 20 295 4410 | C11: dobai.l@gmail.com
A12: Dombay Miki | B12: +36 30 635 5462 | C12: dombaymiki@gmail.com
... A15: Hajba Tibor | B15: +36 70 772 5072 | C15: hajbati81@gmail.com
A16: Hajba Zoé | B16: +36 70 942 2396
A17: Hajdu Péter | B17: +36 70 775 0899 | C17: peteristvanhajdu@gmail.com
A18: Hatos Balázs | B18: +36 30 969 4740 | C18: hatosbalazs@gmail.com
A19: Kmet Alex | B19: +36 70 236 4307 | C19: akmet@ukr.net
A20: Koroknai Viktor | B20: +36 70 392 3207 | C20: koroknaiv@gmail.com
A21: Kovács Gábor(Golyó) | B21: +36 30 277 0512 | C21: kovacsbusz1977@gmail.com
A22: Kovács László | B22: +36 30 854 3680 | C22: laszlo.kovacs@gmx.com
A23: Kovács Zsolt | B23: +36 30 519 4255 | C23: ekro0108@icloud.com
A24: Kulcsár Sándor | B24: +36 30 979 1988 | C24: westmachinekft@gmail.com
A25: Lukács Dániel | B25: +36 30 838 3371 | C25: lukacsdaniel0608@gmail.com
A26: Makszin Miklós | B26: +36 30 184 5432 | C26: maximico@hotmail.com
A27: Markó Zoltán | B27: +36 30 695 4352 | C27: mrk.zltn@gmail.com
A28: Marton Zoltán | B28: +36 30 788 8314 | C28: zoltan.marton1973@gmail.com
... A46: Zsoldos Tamás | B46: +36 20 583 0279 | C46: dzsotom254@gmail.com

Sheet Piramis Bajnokság
A2: Öntöde Squash Piramis ranglista és Squash partnerkereső:
L3: 1
B4: Indulás:2025.05.07 | K4: 2 | M4: 3
J5: 4 | L5: 5 | N5: 6
I6: 7 | K6: 8 | M6: 9 | O6: 10
H7: 11 | J7: 12 | L7: 13 | N7: 14 | P7: 15
G8: 16 | I8: 17 | K8: 18 | M8: 19 | O8: 20 | Q8: 21
F9: 22 | H9: 23 | J9: 24 | L9: 25 | N9: 26 | P9: 27 | R9: 28
B10: aktuális állás: február15-én | E10: 29 | G10: 30 | I10: 31 | K10: 32 | M10: 33 | O10: 34 | Q10: 35 | S10: 36
A12: 1. | B12: Tóth Zoltán | C12: 16. | D12: Kulcsár Sándor | E12: 31. | F12: Nerpel Norbert
A13: 2. | B13: Marton Zoli | C13: 17. | D13: Markó Zoltán | E13: 32. | F13: Béres Ottó
A14: 3. | B14: Weisz György | C14: 18. | D14: Antal Péter | E14: 33. | F14: Hatos Balázs
A15: 4. | B15: Polgár István | C15: 19. | D15: Nagy Zoltán | E15: 34. | F15: Bartus Péter
A16: 5. | B16: Hajdu Péter | C16: 20. | D16: Nagy Simon | E16: 35. | F16: Bíró Zoltán
A17: 6. | B17: Nagy Ferenc | C17: 21. | D17: Varga Lorena | E17: 36. | F17: Molnár Milán
A18: 7. | B18: Pék Róbert | C18: 22. | D18: Bankics Csaba
A19: 8. | B19: Bikali Balázs | C19: 23. | D19: Cseh Olivér
A20: 9. | B20: Dombay Miklós | C20: 24. | D20: Börzsönyi Balázs
A21: 10. | B21: Mesits Sándor | C21: 25. | D21: Tóth Bálint
A22: 11. | B22: Tóth István | C22: 26. | D22: Khmet Alex
A23: 12. | B23: Sákovics Péter | C23: 27. | D23: Kovács László
A24: 13. | B24: Kovács Gábor | C24: 28. | D24: Bognár Barna
A25: 14. | B25: Bilics Laci | C25: 29. | D25: Makszin Miklós
A26: 15. | B26: Nagy Tamás | C26: 30. | D26: Koroknai Viktor

Sheet Liga történelem
A3: Öntöde Squash liga történelem:
A5: Helyezések | B5: 1.liga (29 induló) | C5: 2.liga (36 induló) | D5: 3.liga (38 induló) | E5: 4.liga (43 induló) | F5: 5.liga (42 induló) | G5: 6.liga (48 induló) | H5: 7. Nyári liga | I5: 8 .liga (40 induló) | J5: 9.liga(42 induló) | K5: 10.liga(40 induló) | L5: 11.liga(36 induló) | M5: 12.liga(36 induló) | N5: 13.liga(30 induló) | O5: 14.liga(40 induló) | P5: Helyezések
A7: A liga 1. | B7: Nagy Ferenc | C7: Tóth Zoltán | D7: Tóth Zoltán | E7: Polgár István | F7: Tóth Zoltán | G7: Tóth Zoltán | H7: Tóth Zoltán | I7: Tóth Zoltán | J7: Tóth Zoltán | K7: Weisz György | L7: Polgár István | M7: Tóth Zoltán | N7: Polgár István | O7: Marton Zoltán | P7: A liga 1.
A8: A liga 2. | B8: Tóth Zoltán | C8: Polgár István | D8: Polgár István | E8: Sákovics Péter | F8: Sákovics Péter | G8: Weisz György | H8: Polgár István | I8: Weisz György | J8: Weisz György | K8: Tóth Zoltán | L8: Weisz György | M8: Polgár István | N8: Tóth Zoltán | O8: Tóth Zoltán | P8: A liga 2.
A9: A liga 3. | B9: Sákovics Péter | C9: Weisz György | D9: Nagy Ferenc | E9: Tóth Zoltán | F9: Polgár István | G9: Polgár István | H9: Sákovics Péter | I9: Sákovics Péter | J9: Sákovics Péter | K9: Sákovics Péter | L9: Tóth Zoltán | M9: Weisz György | N9: Weisz György | O9: Polgár István | P9: A liga 3.
A11: B liga 1. | B11: Nagy Tamás | C11: Marton Zoltán | D11: Hajdu Péter | E11: Nagy Tamás | F11: Hajdu Péter | G11: Pilhoffer Béla | H11: Antal Péter | I11: Hajdú Péter | J11: Pék Róbert | K11: Dombay Miklós | L11: Hajdu Péter | M11: Nagy Ferenc | N11: Sákovics Péter | O11: Pék Róbert | P11: B liga 1.
A12: B liga 2. | B12: Pék Róbert | C12: Kovács Gábor | D12: Tóth István | E12: Marton Zoltán | F12: Pék Róbert | G12: Kovács Gábor | H12: Tóth István | I12: Dombay Miklós | J12: Marton Zoltán | K12: Marton Zoltán | L12: Nagy Ferenc | M12: Markó Zoltán | N12: Tóth István | O12: Kovács István | P12: B liga 2.
A14: C liga 1. | B14: Pozsár András | C14: Mészáros István | D14: Pozsár András | E14: Bilics László | F14: Antal Péter | G14: Kiss Roland | H14: Mészáros István | I14: Kovács László | J14: Kovács Gábor | K14: Bilics László | L14: Kovács Gábor | M14: Tóth István | N14: Antal Péter | O14: Czupor András | P14: C liga 1.
A15: C liga 2. | B15: Markó Zoltán | C15: Csirke Balázs | D15: Sebesi Patrik | E15: Mészáros István | F15: Bikali Balázs | G15: Selmeczy Gyula | H15: Bikali Balázs | I15: Markó Zoltán | J15: Bilics László | K15: Kulcsár Sándor | L15: Markó Zoltán | M15: Bikali Balázs | N15: Kovács László | O15: Varga Lorena | P15: C liga 2.
A17: D liga 1. | B17: Mészáros István | C17: Bognár Barna | D17: Cseh Olivér | E17: Antal Péter | F17: Nagy Zoltán | G17: dr. Tóth Ádám | H17: Kovács László | I17: Székely Árpád | J17: Bikali Balázs | K17: dr. Tóth Ádám | L17: Kovács László | M17: Antal Péter | N17: Czupos András | O17: Fekete Tamás | P17: D liga 1.
A18: D liga 2. | B18: Sebesi Patrik | C18: Bartus Péter | D18: Szőke Tibor | E18: Bikali Balázs | F18: Bíró Zoltán | G18: Börzsönyi Balázs | H18: Dobai László | I18: Bíró Zoltán | J18: dr. Tóth Ádám | K18: Varga Lorena | L18: Varga Lorena | M18: Székely Árpád | N18: Börzsönyi Balázs | O18: Varga Tamás | P18: D liga 2.
A20: E liga 1. | E20: Nagy Zoltán | F20: Börzsönyi Balázs | G20: Dobai László | H20: Simon Ádám | J20: Bankits Csaba | K20: Tóth Bálint | L20: Székely Árpád | M20: Börzsönyi Balázs | N20: Fekete Tamás | O20: Lukács Dániel | P20: E liga 1.
A21: E liga 2. | E21: Fekete Tamás | F21: Varga Tamás | G21: Kovács László | H21: Makszin Miklós | J21: Cseh Olivér | K21: Cseh Olivr | L21: Khmet Alex | M21: Czupor András | N21: Makszin Miklós | O21: Molnár Milán | P21: E liga 2.
A23: F liga 1. | J23: Székely Árpád | K23: Bartus Péter | L23: Varga Tamás | M23: Hatos Balázs | P23: F liga 1.
A24: F liga 2. | J24: Simon Ádám | K24: Makszin Miklós | L24: Hatos Balázs | M24: Fekete Tamás | P24: F liga 2.
A26: G Liga 1. | J26: Makszin Miklós | K26: Varga Tamás | P26: G Liga 1.
A27: G Liga 2. | J27: Orosz Tamás | K27: Hatos Balázs | P27: G Liga 2.

Sheet Munka1

Sheet Ranglista
B1: Liga ranglista 9. liga | D1: Liga ranglista 10. liga | G1: Liga ranglista 11. liga | J1: Liga ranglista 12. liga | L1: Liga ranglista 13. liga | N1: Liga indulás 14. ranglista | P1: Póló méret | R1: Liga indulás 15. ranglista
A3: a1 | B3: Tóth Zoltán | C3: a1 | D3: Tóth Zoltán | F3: a1 | G3: Weisz György | I3: a1 | J3: Polgár István | L3: Tóth Zoltán | N3: Polgár István | O3: a1 | P3: L | R3: Marton Zoltán
A4: a2 | B4: Weisz György | C4: a2 | D4: Weisz György | F4: a2 | G4: Tóth Zoltán | I4: a2 | J4: Weisz György | L4: Polgár István | N4: Tóth Zoltán | O4: a2 | P4: L | R4: Tóth Zoltán
A5: a3 | B5: Sákovics Péter | C5: a3 | D5: Sákovics Péter | F5: a3 | G5: Sákovics Péter | I5: a3 | J5: Tóth Zoltán | L5: Weisz György | N5: Weisz György | O5: a3 | P5: L | R5: Polgár István
A6: a4 | B6: Polgár István | C6: a4 | D6: Polgár István | F6: a4 | G6: Polgár István | I6: a4 | J6: Marton Zoltán | L6: Dombay Miklós | N6: Nagy Ferenc | O6: a4 | P6: L | R6: Weisz György
A7: a5 | B7: Nagy Ferenc | C7: a5 | D7: Pék Róbert | F7: a5 | G7: Dombay Miklós | I7: a5 | J7: Hajdu Péter | L7: Nagy Ferenc | N7: Sákovics Péter | O7: a5 | P7: L | R7: Nagy Ferenc
A8: a6 | B8: Hajdu Péter | C8: a6 | D8: Hadju Marton | E8: ? | F8: a6 | G8: Marton Zoltán | I8: a6 | J8: Dombay Miklós | L8: Markó Zoltán | N8: Dombay Miklós | O8: a6 | P8: L | R8: Dombay Miklós
A9: b1 | B9: Dombay Miki | C9: b1 | D9: Marton -Hajdu | E9: ? | F9: b1 | G9: Pék Róbert | I9: b1 | J9: Sákovics Péter | L9: Pék Róbert | N9: Tóth István | O9: a7 | P9: XL | R9: Pék Róbert
A10: b2 | B10: Marton Zoltán | C10: b2 | D10: Nagy Ferenc | F10: b2 | G10: Hajdu Péter | I10: b2 | J10: Nagy Ferenc | L10: Kovács Gábor | N10: Marton Zoltán | O10: a8 | P10: Saját pólót ad amire szeretné a nyomtatást | R10: Kovács Gábor
A11: b3 | B11: Tóth István | C11: b3 | D11: Dombay Miklós | F11: b3 | G11: Tóth István | I11: b3 | J11: Bilics László | L11: Tóth István | N11: Markó Zoltán | O11: B1 | P11: M | R11: Sákovics Péter
A12: b4 | B12: Pék Róbert | C12: b4 | D12: Tóth István | F12: b4 | G12: Nagy Ferenc | I12: b4 | J12: Pék Róbert | L12: Bikali Balázs | N12: Pék Róbert | O12: B2 | P12: M | R12: Tóth István
A13: b5 | B13: Antal Peti | C13: b5 | D13: Antal Peti | F13: b5 | G13: Bilics László | I13: b5 | J13: Kovács Gábor | L13: Sákovics Péter | N13: Bikali Balázs | O13: B3 | P13: XL | R13: Kulcsár Sándor
A14: b6 | B14: Pozsár András | C14: b6 | D14: Kovács Gábor | F14: b6 | G14: Kulcsár Sándor | I14: b6 | J14: Markó Zoltán | L14: Bilics László | N14: Antal Péter | O14: B4 | P14: M | R14: Bikali Balázs
A15: c1 | B15: Bilics László | C15: c1 | D15: Bilics László | F15: c1 | G15: Kovács Gábor | I15: c1 | J15: Tóth István | L15: Kovács László | N15: Bilics László | O15: B5 | P15: L | R15: Markó Zoltán
A16: c2 | B16: Kulcsár Sanyi | C16: c2 | D16: Pozsár András | F16: c2 | G16: Antal Péter | I16: c2 | J16: Kulcsár Sándor | L16: Varga Lorena | N16: Kovács Gábor | O16: B6 | P16: L | R16: Czupor András
A17: c3 | B17: Kovács Gábor | C17: c3 | D17: Markó Zoltán | F17: c3 | G17: Markó Zoltán | I17: c3 | J17: Bikali Balázs | L17: dr. Tóth Ádám | N17: Kovács László | O17: B7 | P17: M | R17: Varga Lorena
A18: c4 | B18: Kovács László | C18: c4 | D18: Selmeczy Gyula | F18: c4 | G18: Bikali Balázs | I18: c4 | J18: dr. Tóth Ádám | L18: Székely Árpád | N18: Kulcsár Sándor | O18: B8 | P18: XL | R18: Kovács László
A19: c5 | B19: Selmeczy Gyula | C19: c5 | D19: Kulcsár Sanyi | F19: c5 | G19: dr. Tóth Ádám | I19: c5 | J19: Kovács László | L19: Antal Péter | N19: Varga Lorena | O19: C1 | P19: női S | R19: Székely Árpád
A20: c6 | B20: Markó Zoltán | C20: c6 | D20: Bikali Balázs | F20: c6 | G20: Selmeczy Gyula | I20: c6 | J20: Varga Lorena | L20: Dobai László | N20: Dobai László | O20: C2 | P20: XL | R20: Tóth Bálint
A21: d1 | B21: Bikali Balázs | C21: d1 | D21: Dr. Tóth Ádám | F21: d1 | G21: Varga Lorena | I21: d1 | J21: Antal Péter | L21: Khmet Alex | N21: Székely Árpád | O21: C3 | P21: XL | R21: Börzsönyi Balázs
A22: d2 | B22: Dr. Tóth Ádám | C22: d2 | D22: Kovács László | F22: d2 | G22: Kovács László | I22: d2 | J22: Dobai László | L22: Börzsönyi Balázs | N22: Czupor András | O22: C4 | P22: XS | R22: Khmet Alex
A23: d3 | B23: Nagy Zoltán | C23: d3 | D23: Nagy Zoltán | F23: d3 | G23: Bankits Csaba | I23: d3 | J23: Cseh Olivér | L23: Czupor András | N23: Börzsönyi Balázs | O23: C5 | R23: Bartus Péter
A24: d4 | B24: Dobai László | C24: d4 | D24: Dobai László | F24: d4 | G24: Dobai László | I24: d4 | J24: Székely Árpád | L24: Varga Tamás | N24: Hatos Balázs | O24: C6 | R24: Fekete Tamás
A25: d5 | B25: Varga Lorena | C25: d5 | D25: Bankits Csaba | F25: d5 | G25: Tóth Bálint | I25: d5 | J25: Bankits Csaba | L25: Hatos Balázs | N25: Bartus Péter | O25: C7 | P25: L | R25: Varga Tamás
A26: d6 | B26: Kiss Roland visszalépett | C26: d6 | D26: Varga Lorena | E26: ? | F26: d6 | G26: Cseh Olivér | I26: d6 | J26: Khmet Alex | L26: Bartus Péter | N26: Tóth Bálint | O26: C8 | P26: M | R26: ?Hatos Balázs???
A27: e1 | B27: Kmet Alex | C27: e1 | D27: Cseh Olivér | E27: ? | F27: e1 | G27: Székely Árpád | I27: e1 | J27: Börzsönyi Balázs | L27: Makszin Miklós | N27: Bankits Csaba | O27: D1 | P27: L | R27: Bankits Csaba???
A28: e2 | B28: Börzsönyi Balázs | C28: e2 | D28: Tóth Bálint | F28: e2 | G28: Khmet Alex | I28: e2 | J28: Bartus Péter | L28: Fekete Tamás | N28: Varga Tamás | O28: D2 | P28: M | R28: Makszin Miklós
A29: e3 | B29: Ábrahám Kornél | C29: e3 | D29: Börzsönyi Balázs | F29: e3 | G29: Börzsönyi Balázs | I29: e3 | J29: Makszin Miklós | L29: Bognár Barna | N29: Fekete Tamás | O29: D3 | P29: L | R29: Bíró Zoltán
A30: e4 | B30: Tóth Bálint | C30: e4 | D30: Székely Árpád | F30: e4 | G30: Bartus Péter | I30: e4 | J30: Varga Tamás | L30: Molnár Milán | N30: Makszin Miklós | O30: D4 | P30: XXL | R30: Zsoldos Tamás
A31: e5 | B31: Cseh Olivér | C31: e5 | D31: Kmet Alex | F31: e5 | G31: Makszin Miklós | I31: e5 | J31: Rigó Krisztián | L31: Koroknai Júlia | N31: Bognár Barna | O31: D5 | P31: XL | R31: Lukács Dániel
A32: e6 | B32: Bankits Csaba | C32: e6 | D32: Bíró Zoltán | F32: e6 | G32: Bognár Barna | I32: e6 | J32: Czupor András | L32: Gáspár Júlia | N32: Gáspár Júlia | O32: D6 | P32: női M | R32: Molnár Milán
A33: f1 | B33: Bernáth Norbert | C33: f1 | D33: Bartus Péter | F33: f1 | G33: Fekete Tamás | I33: f1 | J33: Bognár Barna | N33: Bíró Zoltán | O33: D7 | P33: L | R33: Bognár Barna
A34: f2 | B34: Székely Árpád | C34: f2 | D34: Bognár Barna | F34: f2 | G34: Varga Tamás | I34: f2 | J34: Hatos Balázs | N34: Zsoldos Tamás | O34: D8 | P34: XL | R34: Gáspár Júlia
A35: f3 | B35: Bíró Zoltán | C35: f3 | D35: Makszin Miklós | F35: f3 | G35: Hatos Balázs | I35: f3 | J35: Fekete Tamás | N35: Molnár Milán | O35: E1 | P35: M | R35: Bakos Mátyás
A36: f4 | B36: Bartus Péter | C36: f4 | D36: Orosz Tamás | F36: f4 | G36: Szombath István | I36: f4 | J36: Koroknai Viktor | N36: Hajba Tibor | O36: E2 | P36: XL | R36: Szerdahelyi Dani
A37: f5 | B37: Simon Ádám | C37: f5 | D37: Fekete Tamás | F37: f5 | G37: Koroknai Viktor | I37: f5 | J37: Molnár Milán | N37: Hajba Zoé | O37: E3 | P37: S | R37: Vincze Krisztián
A38: f6 | B38: Bognár Barna | C38: f6 | F38: f6 | G38: Nerpel Norbert | I38: f6 | J38: Gáspár Lúlia | N38: Kovács Zsolt | O38: E4 | P38: L | R38: Hajba Tibor
A39: g1 | B39: Makszin Miklós | C39: g1 | D39: Varga Tamás | N39: Szerdahelyi Dani | O39: E5 | P39: M | R39: Hajba Zoé
A40: g2 | B40: Tárnoki Péter | C40: g2 | D40: Koroknai Viktor | N40: Vincze Krisztián | O40: E6 | P40: L | R40: Kovács Zsolt
A41: g3 | B41: Orosz Tamás | C41: g3 | D41: Nerpel Norbert | N41: Bakos Mátyás | O41: E7 | P41: M | R41: Szekeres Martin
A42: g4 | B42: Fekete Tamás | C42: g4 | D42: Szombath István | N42: Lukács Dániel | O42: E8 | P42: L | R42: Németh Balázs
A43: g5 | B43: Koroknai Viktor | C43: g5 | D43: Hatos Balázs | R43: Nagy Zoltán
A44: g6 | B44: Varga Tamás | C44: g6

Sheet H liga
B1: =VLOOKUP(CONCATENATE(LEFT($A$2,1),COLUMN()-1),nevezettek,3,FALSE) -> #N/A | C1: =VLOOKUP(CONCATENATE(LEFT($A$2,1),COLUMN()-1),nevezettek,3,FALSE) -> #N/A | D1: =VLOOKUP(CONCATENATE(LEFT($A$2,1),COLUMN()-1),nevezettek,3,FALSE) -> #N/A | E1: =VLOOKUP(CONCATENATE(LEFT($A$2,1),COLUMN()-1),nevezettek,3,FALSE) -> #N/A | F1: =VLOOKUP(CONCATENATE(LEFT($A$2,1),COLUMN()-1),nevezettek,3,FALSE) -> #N/A | G1: =VLOOKUP(CONCATENATE(LEFT($A$2,1),COLUMN()-1),nevezettek,3,FALSE) -> #N/A | H1: =VLOOKUP(CONCATENATE(LEFT($A$2,1),COLUMN()-1),nevezettek,3,FALSE) -> #N/A | I1: =VLOOKUP(CONCATENATE(LEFT($A$2,1),COLUMN()-1),nevezettek,3,FALSE) -> #N/A | J1: =VLOOKUP(CONCATENATE(LEFT($A$2,1),COLUMN()-1),nevezettek,3,FALSE) -> #N/A | K1: összpont-szám | L1: Győze-lem | M1: Nyert szett | N1: Vesztett szett | O1: helyezés (hatékonyság)
A2: =RIGHT(CELL("filename",A1),6) -> H liga
A3: =COUNTIF(Ligabeosztas!D:D,LEFT(A2,1)) -> 0
A4: =B1 -> #N/A | K4: =5*(COUNTIF(B4:J6,"5/0")+COUNTIF(B4:J6,"4/1")+COUNTIF(B4:J6,"3/2")+COUNTIF(B4:J6,"5/-"))+3*COUNTIF(B4:J6,"2/3")+2*COUNTIF(B4:J6,"1/4")+COUNTIF(B4:J6,"0/5")+0.01*L4+0.0001*(M4-N4) -> 0 | L4: =1*COUNTIF(B4:J6,"5/0")+1*COUNTIF(B4:J6,"4/1")+1*COUNTIF(B4:J6,"3/2")+1*COUNTIF(B4:J6,"5/-")+0*COUNTIF(B4:J6,"2/3")+0*COUNTIF(B4:J6,"1/4")+0*COUNTIF(B4:J6,"0/5") -> 0 | M4: =5*COUNTIF(B4:J6,"5/0")+4*COUNTIF(B4:J6,"4/1")+3*COUNTIF(B4:J6,"3/2")+5*COUNTIF(B4:J6,"5/-")+2*COUNTIF(B4:J6,"2/3")+1*COUNTIF(B4:J6,"1/4")+0*COUNTIF(B4:J6,"0/5") -> 0 | N4: =0*COUNTIF(B4:J6,"5/0")+1*COUNTIF(B4:J6,"4/1")+2*COUNTIF(B4:J6,"3/2")+3*COUNTIF(B4:J6,"2/3")+4*COUNTIF(B4:J6,"1/4")+5*COUNTIF(B4:J6,"0/5")+5*COUNTIF(B4:J6,"-/5") -> 0 | O4: =RANK(K4,K$4:K$30) -> 1
O6: =IFERROR(K4/SUM(M4:N6),0) -> 0
A7: =C1 -> #N/A | K7: =5*(COUNTIF(B7:J9,"5/0")+COUNTIF(B7:J9,"4/1")+COUNTIF(B7:J9,"3/2")+COUNTIF(B7:J9,"5/-"))+3*COUNTIF(B7:J9,"2/3")+2*COUNTIF(B7:J9,"1/4")+COUNTIF(B7:J9,"0/5")+0.01*L7+0.0001*(M7-N7) -> 0 | L7: =1*COUNTIF(B7:J9,"5/0")+1*COUNTIF(B7:J9,"4/1")+1*COUNTIF(B7:J9,"3/2")+1*COUNTIF(B7:J9,"5/-")+0*COUNTIF(B7:J9,"2/3")+0*COUNTIF(B7:J9,"1/4")+0*COUNTIF(B7:J9,"0/5") -> 0 | M7: =5*COUNTIF(B7:J9,"5/0")+4*COUNTIF(B7:J9,"4/1")+3*COUNTIF(B7:J9,"3/2")+5*COUNTIF(B7:J9,"5/-")+2*COUNTIF(B7:J9,"2/3")+1*COUNTIF(B7:J9,"1/4")+0*COUNTIF(B7:J9,"0/5") -> 0 | N7: =0*COUNTIF(B7:J9,"5/0")+1*COUNTIF(B7:J9,"4/1")+2*COUNTIF(B7:J9,"3/2")+3*COUNTIF(B7:J9,"2/3")+4*COUNTIF(B7:J9,"1/4")+5*COUNTIF(B7:J9,"0/5")+5*COUNTIF(B7:J9,"-/5") -> 0 | O7: =RANK(K7,K$4:K$30) -> 1
O9: =IFERROR(K7/SUM(M7:N9),0) -> 0
A10: =D1 -> #N/A | K10: =5*(COUNTIF(B10:J12,"5/0")+COUNTIF(B10:J12,"4/1")+COUNTIF(B10:J12,"3/2")+COUNTIF(B10:J12,"5/-"))+3*COUNTIF(B10:J12,"2/3")+2*COUNTIF(B10:J12,"1/4")+COUNTIF(B10:J12,"0/5")+0.01*L10+0.0001*(M10-N10) -> 0 | L10: =1*COUNTIF(B10:J12,"5/0")+1*COUNTIF(B10:J12,"4/1")+1*COUNTIF(B10:J12,"3/2")+1*COUNTIF(B10:J12,"5/-")+0*COUNTIF(B10:J12,"2/3")+0*COUNTIF(B10:J12,"1/4")+0*COUNTIF(B10:J12,"0/5") -> 0 | M10: =5*COUNTIF(B10:J12,"5/0")+4*COUNTIF(B10:J12,"4/1")+3*COUNTIF(B10:J12,"3/2")+5*COUNTIF(B10:J12,"5/-")+2*COUNTIF(B10:J12,"2/3")+1*COUNTIF(B10:J12,"1/4")+0*COUNTIF(B10:J12,"0/5") -> 0 | N10: =0*COUNTIF(B10:J12,"5/0")+1*COUNTIF(B10:J12,"4/1")+2*COUNTIF(B10:J12,"3/2")+3*COUNTIF(B10:J12,"2/3")+4*COUNTIF(B10:J12,"1/4")+5*COUNTIF(B10:J12,"0/5")+5*COUNTIF(B10:J12,"-/5") -> 0 | O10: =RANK(K10,K$4:K$30) -> 1
O12: =IFERROR(K10/SUM(M10:N12),0) -> 0
A13: =E1 -> #N/A | K13: =5*(COUNTIF(B13:J15,"5/0")+COUNTIF(B13:J15,"4/1")+COUNTIF(B13:J15,"3/2")+COUNTIF(B13:J15,"5/-"))+3*COUNTIF(B13:J15,"2/3")+2*COUNTIF(B13:J15,"1/4")+COUNTIF(B13:J15,"0/5")+0.01*L13+0.0001*(M13-N13) -> 0 | L13: =1*COUNTIF(B13:J15,"5/0")+1*COUNTIF(B13:J15,"4/1")+1*COUNTIF(B13:J15,"3/2")+1*COUNTIF(B13:J15,"5/-")+0*COUNTIF(B13:J15,"2/3")+0*COUNTIF(B13:J15,"1/4")+0*COUNTIF(B13:J15,"0/5") -> 0 | M13: =5*COUNTIF(B13:J15,"5/0")+4*COUNTIF(B13:J15,"4/1")+3*COUNTIF(B13:J15,"3/2")+5*COUNTIF(B13:J15,"5/-")+2*COUNTIF(B13:J15,"2/3")+1*COUNTIF(B13:J15,"1/4")+0*COUNTIF(B13:J15,"0/5") -> 0 | N13: =0*COUNTIF(B13:J15,"5/0")+1*COUNTIF(B13:J15,"4/1")+2*COUNTIF(B13:J15,"3/2")+3*COUNTIF(B13:J15,"2/3")+4*COUNTIF(B13:J15,"1/4")+5*COUNTIF(B13:J15,"0/5")+5*COUNTIF(B13:J15,"-/5") -> 0 | O13: =RANK(K13,K$4:K$30) -> 1
O15: =IFERROR(K13/SUM(M13:N15),0) -> 0
A16: =F1 -> #N/A | K16: =5*(COUNTIF(B16:J18,"5/0")+COUNTIF(B16:J18,"4/1")+COUNTIF(B16:J18,"3/2")+COUNTIF(B16:J18,"5/-"))+3*COUNTIF(B16:J18,"2/3")+2*COUNTIF(B16:J18,"1/4")+COUNTIF(B16:J18,"0/5")+0.01*L16+0.0001*(M16-N16) -> 0 | L16: =1*COUNTIF(B16:J18,"5/0")+1*COUNTIF(B16:J18,"4/1")+1*COUNTIF(B16:J18,"3/2")+1*COUNTIF(B16:J18,"5/-")+0*COUNTIF(B16:J18,"2/3")+0*COUNTIF(B16:J18,"1/4")+0*COUNTIF(B16:J18,"0/5") -> 0 | M16: =5*COUNTIF(B16:J18,"5/0")+4*COUNTIF(B16:J18,"4/1")+3*COUNTIF(B16:J18,"3/2")+5*COUNTIF(B16:J18,"5/-")+2*COUNTIF(B16:J18,"2/3")+1*COUNTIF(B16:J18,"1/4")+0*COUNTIF(B16:J18,"0/5") -> 0 | N16: =0*COUNTIF(B16:J18,"5/0")+1*COUNTIF(B16:J18,"4/1")+2*COUNTIF(B16:J18,"3/2")+3*COUNTIF(B16:J18,"2/3")+4*COUNTIF(B16:J18,"1/4")+5*COUNTIF(B16:J18,"0/5")+5*COUNTIF(B16:J18,"-/5") -> 0 | O16: =RANK(K16,K$4:K$30) -> 1
O18: =IFERROR(K16/SUM(M16:N18),0) -> 0
A19: =G1 -> #N/A | K19: =5*(COUNTIF(B19:J21,"5/0")+COUNTIF(B19:J21,"4/1")+COUNTIF(B19:J21,"3/2")+COUNTIF(B19:J21,"5/-"))+3*COUNTIF(B19:J21,"2/3")+2*COUNTIF(B19:J21,"1/4")+COUNTIF(B19:J21,"0/5")+0.01*L19+0.0001*(M19-N19) -> 0 | L19: =1*COUNTIF(B19:J21,"5/0")+1*COUNTIF(B19:J21,"4/1")+1*COUNTIF(B19:J21,"3/2")+1*COUNTIF(B19:J21,"5/-")+0*COUNTIF(B19:J21,"2/3")+0*COUNTIF(B19:J21,"1/4")+0*COUNTIF(B19:J21,"0/5") -> 0 | M19: =5*COUNTIF(B19:J21,"5/0")+4*COUNTIF(B19:J21,"4/1")+3*COUNTIF(B19:J21,"3/2")+5*COUNTIF(B19:J21,"5/-")+2*COUNTIF(B19:J21,"2/3")+1*COUNTIF(B19:J21,"1/4")+0*COUNTIF(B19:J21,"0/5") -> 0 | N19: =0*COUNTIF(B19:J21,"5/0")+1*COUNTIF(B19:J21,"4/1")+2*COUNTIF(B19:J21,"3/2")+3*COUNTIF(B19:J21,"2/3")+4*COUNTIF(B19:J21,"1/4")+5*COUNTIF(B19:J21,"0/5")+5*COUNTIF(B19:J21,"-/5") -> 0 | O19: =RANK(K19,K$4:K$30) -> 1
O21: =IFERROR(K19/SUM(M19:N21),0) -> 0
A22: =H1 -> #N/A | K22: =5*(COUNTIF(B22:J24,"5/0")+COUNTIF(B22:J24,"4/1")+COUNTIF(B22:J24,"3/2")+COUNTIF(B22:J24,"5/-"))+3*COUNTIF(B22:J24,"2/3")+2*COUNTIF(B22:J24,"1/4")+COUNTIF(B22:J24,"0/5")+0.01*L22+0.0001*(M22-N22) -> 0 | L22: =1*COUNTIF(B22:J24,"5/0")+1*COUNTIF(B22:J24,"4/1")+1*COUNTIF(B22:J24,"3/2")+1*COUNTIF(B22:J24,"5/-")+0*COUNTIF(B22:J24,"2/3")+0*COUNTIF(B22:J24,"1/4")+0*COUNTIF(B22:J24,"0/5") -> 0 | M22: =5*COUNTIF(B22:J24,"5/0")+4*COUNTIF(B22:J24,"4/1")+3*COUNTIF(B22:J24,"3/2")+5*COUNTIF(B22:J24,"5/-")+2*COUNTIF(B22:J24,"2/3")+1*COUNTIF(B22:J24,"1/4")+0*COUNTIF(B22:J24,"0/5") -> 0 | N22: =0*COUNTIF(B22:J24,"5/0")+1*COUNTIF(B22:J24,"4/1")+2*COUNTIF(B22:J24,"3/2")+3*COUNTIF(B22:J24,"2/3")+4*COUNTIF(B22:J24,"1/4")+5*COUNTIF(B22:J24,"0/5")+5*COUNTIF(B22:J24,"-/5") -> 0 | O22: =RANK(K22,K$4:K$30) -> 1
O24: =IFERROR(K22/SUM(M22:N24),0) -> 0
A25: =I1 -> #N/A | K25: =5*(COUNTIF(B25:J27,"5/0")+COUNTIF(B25:J27,"4/1")+COUNTIF(B25:J27,"3/2")+COUNTIF(B25:J27,"5/-"))+3*COUNTIF(B25:J27,"2/3")+2*COUNTIF(B25:J27,"1/4")+COUNTIF(B25:J27,"0/5")+0.01*L25+0.0001*(M25-N25) -> 0 | L25: =1*COUNTIF(B25:J27,"5/0")+1*COUNTIF(B25:J27,"4/1")+1*COUNTIF(B25:J27,"3/2")+1*COUNTIF(B25:J27,"5/-")+0*COUNTIF(B25:J27,"2/3")+0*COUNTIF(B25:J27,"1/4")+0*COUNTIF(B25:J27,"0/5") -> 0 | M25: =5*COUNTIF(B25:J27,"5/0")+4*COUNTIF(B25:J27,"4/1")+3*COUNTIF(B25:J27,"3/2")+5*COUNTIF(B25:J27,"5/-")+2*COUNTIF(B25:J27,"2/3")+1*COUNTIF(B25:J27,"1/4")+0*COUNTIF(B25:J27,"0/5") -> 0 | N25: =0*COUNTIF(B25:J27,"5/0")+1*COUNTIF(B25:J27,"4/1")+2*COUNTIF(B25:J27,"3/2")+3*COUNTIF(B25:J27,"2/3")+4*COUNTIF(B25:J27,"1/4")+5*COUNTIF(B25:J27,"0/5")+5*COUNTIF(B25:J27,"-/5") -> 0 | O25: =RANK(K25,K$4:K$30) -> 1
O27: =IFERROR(K25/SUM(M25:N27),0) -> 0
A28: =J1 -> #N/A | K28: =5*(COUNTIF(B28:J30,"5/0")+COUNTIF(B28:J30,"4/1")+COUNTIF(B28:J30,"3/2")+COUNTIF(B28:J30,"5/-"))+3*COUNTIF(B28:J30,"2/3")+2*COUNTIF(B28:J30,"1/4")+COUNTIF(B28:J30,"0/5")+0.01*L28+0.0001*(M28-N28) -> 0 | L28: =1*COUNTIF(B28:J30,"5/0")+1*COUNTIF(B28:J30,"4/1")+1*COUNTIF(B28:J30,"3/2")+1*COUNTIF(B28:J30,"5/-")+0*COUNTIF(B28:J30,"2/3")+0*COUNTIF(B28:J30,"1/4")+0*COUNTIF(B28:J30,"0/5") -> 0 | M28: =5*COUNTIF(B28:J30,"5/0")+4*COUNTIF(B28:J30,"4/1")+3*COUNTIF(B28:J30,"3/2")+5*COUNTIF(B28:J30,"5/-")+2*COUNTIF(B28:J30,"2/3")+1*COUNTIF(B28:J30,"1/4")+0*COUNTIF(B28:J30,"0/5") -> 0 | N28: =0*COUNTIF(B28:J30,"5/0")+1*COUNTIF(B28:J30,"4/1")+2*COUNTIF(B28:J30,"3/2")+3*COUNTIF(B28:J30,"2/3")+4*COUNTIF(B28:J30,"1/4")+5*COUNTIF(B28:J30,"0/5")+5*COUNTIF(B28:J30,"-/5") -> 0 | O28: =RANK(K28,K$4:K$30) -> 1
O30: =IFERROR(K28/SUM(M28:N30),0) -> 0

Sheet 9_fős_liga
B1: =VLOOKUP(CONCATENATE(LEFT($A$2,1),COLUMN()-1),nevezettek,3,FALSE) -> #N/A | C1: =VLOOKUP(CONCATENATE(LEFT($A$2,1),COLUMN()-1),nevezettek,3,FALSE) -> #N/A | D1: =VLOOKUP(CONCATENATE(LEFT($A$2,1),COLUMN()-1),nevezettek,3,FALSE) -> #N/A | E1: =VLOOKUP(CONCATENATE(LEFT($A$2,1),COLUMN()-1),nevezettek,3,FALSE) -> #N/A | F1: =VLOOKUP(CONCATENATE(LEFT($A$2,1),COLUMN()-1),nevezettek,3,FALSE) -> #N/A | G1: =VLOOKUP(CONCATENATE(LEFT($A$2,1),COLUMN()-1),nevezettek,3,FALSE) -> #N/A | H1: =VLOOKUP(CONCATENATE(LEFT($A$2,1),COLUMN()-1),nevezettek,3,FALSE) -> #N/A | I1: =VLOOKUP(CONCATENATE(LEFT($A$2,1),COLUMN()-1),nevezettek,3,FALSE) -> #N/A | J1: =VLOOKUP(CONCATENATE(LEFT($A$2,1),COLUMN()-1),nevezettek,3,FALSE) -> #N/A | K1: összpont-szám | L1: Győze-lem | M1: Nyert szett | N1: Vesztett szett | O1: helyezés (hatékonyság)
A2: =RIGHT(CELL("filename",A1),6) -> s_liga
A3: =COUNTIF(Ligabeosztas!D:D,LEFT(A2,1)) -> 0
A4: =B1 -> #N/A | K4: =5*(COUNTIF(B4:J6,"5/0")+COUNTIF(B4:J6,"4/1")+COUNTIF(B4:J6,"3/2")+COUNTIF(B4:J6,"5/-"))+3*COUNTIF(B4:J6,"2/3")+2*COUNTIF(B4:J6,"1/4")+COUNTIF(B4:J6,"0/5")+0.01*L4+0.0001*(M4) -> 0 | L4: =1*COUNTIF(B4:J6,"5/0")+1*COUNTIF(B4:J6,"4/1")+1*COUNTIF(B4:J6,"3/2")+1*COUNTIF(B4:J6,"5/-")+0*COUNTIF(B4:J6,"2/3")+0*COUNTIF(B4:J6,"1/4")+0*COUNTIF(B4:J6,"0/5") -> 0 | M4: =5*COUNTIF(B4:J6,"5/0")+4*COUNTIF(B4:J6,"4/1")+3*COUNTIF(B4:J6,"3/2")+5*COUNTIF(B4:J6,"5/-")+2*COUNTIF(B4:J6,"2/3")+1*COUNTIF(B4:J6,"1/4")+0*COUNTIF(B4:J6,"0/5") -> 0 | N4: =0*COUNTIF(B4:J6,"5/0")+1*COUNTIF(B4:J6,"4/1")+2*COUNTIF(B4:J6,"3/2")+3*COUNTIF(B4:J6,"2/3")+4*COUNTIF(B4:J6,"1/4")+5*COUNTIF(B4:J6,"0/5")+5*COUNTIF(B4:J6,"-/5") -> 0 | O4: =RANK(K4,K$4:K$30) -> 1
O6: =IFERROR(K4/SUM(M4:N6),0) -> 0
A7: =C1 -> #N/A | K7: =5*(COUNTIF(B7:J9,"5/0")+COUNTIF(B7:J9,"4/1")+COUNTIF(B7:J9,"3/2")+COUNTIF(B7:J9,"5/-"))+3*COUNTIF(B7:J9,"2/3")+2*COUNTIF(B7:J9,"1/4")+COUNTIF(B7:J9,"0/5")+0.01*L7+0.0001*(M7) -> 0 | L7: =1*COUNTIF(B7:J9,"5/0")+1*COUNTIF(B7:J9,"4/1")+1*COUNTIF(B7:J9,"3/2")+1*COUNTIF(B7:J9,"5/-")+0*COUNTIF(B7:J9,"2/3")+0*COUNTIF(B7:J9,"1/4")+0*COUNTIF(B7:J9,"0/5") -> 0 | M7: =5*COUNTIF(B7:J9,"5/0")+4*COUNTIF(B7:J9,"4/1")+3*COUNTIF(B7:J9,"3/2")+5*COUNTIF(B7:J9,"5/-")+2*COUNTIF(B7:J9,"2/3")+1*COUNTIF(B7:J9,"1/4")+0*COUNTIF(B7:J9,"0/5") -> 0 | N7: =0*COUNTIF(B7:J9,"5/0")+1*COUNTIF(B7:J9,"4/1")+2*COUNTIF(B7:J9,"3/2")+3*COUNTIF(B7:J9,"2/3")+4*COUNTIF(B7:J9,"1/4")+5*COUNTIF(B7:J9,"0/5")+5*COUNTIF(B7:J9,"-/5") -> 0 | O7: =RANK(K7,K$4:K$30) -> 1
O9: =IFERROR(K7/SUM(M7:N9),0) -> 0
A10: =D1 -> #N/A | K10: =5*(COUNTIF(B10:J12,"5/0")+COUNTIF(B10:J12,"4/1")+COUNTIF(B10:J12,"3/2")+COUNTIF(B10:J12,"5/-"))+3*COUNTIF(B10:J12,"2/3")+2*COUNTIF(B10:J12,"1/4")+COUNTIF(B10:J12,"0/5")+0.01*L10+0.0001*(M10) -> 0 | L10: =1*COUNTIF(B10:J12,"5/0")+1*COUNTIF(B10:J12,"4/1")+1*COUNTIF(B10:J12,"3/2")+1*COUNTIF(B10:J12,"5/-")+0*COUNTIF(B10:J12,"2/3")+0*COUNTIF(B10:J12,"1/4")+0*COUNTIF(B10:J12,"0/5") -> 0 | M10: =5*COUNTIF(B10:J12,"5/0")+4*COUNTIF(B10:J12,"4/1")+3*COUNTIF(B10:J12,"3/2")+5*COUNTIF(B10:J12,"5/-")+2*COUNTIF(B10:J12,"2/3")+1*COUNTIF(B10:J12,"1/4")+0*COUNTIF(B10:J12,"0/5") -> 0 | N10: =0*COUNTIF(B10:J12,"5/0")+1*COUNTIF(B10:J12,"4/1")+2*COUNTIF(B10:J12,"3/2")+3*COUNTIF(B10:J12,"2/3")+4*COUNTIF(B10:J12,"1/4")+5*COUNTIF(B10:J12,"0/5")+5*COUNTIF(B10:J12,"-/5") -> 0 | O10: =RANK(K10,K$4:K$30) -> 1
O12: =IFERROR(K10/SUM(M10:N12),0) -> 0
A13: =E1 -> #N/A | K13: =5*(COUNTIF(B13:J15,"5/0")+COUNTIF(B13:J15,"4/1")+COUNTIF(B13:J15,"3/2")+COUNTIF(B13:J15,"5/-"))+3*COUNTIF(B13:J15,"2/3")+2*COUNTIF(B13:J15,"1/4")+COUNTIF(B13:J15,"0/5")+0.01*L13+0.0001*(M13) -> 0 | L13: =1*COUNTIF(B13:J15,"5/0")+1*COUNTIF(B13:J15,"4/1")+1*COUNTIF(B13:J15,"3/2")+1*COUNTIF(B13:J15,"5/-")+0*COUNTIF(B13:J15,"2/3")+0*COUNTIF(B13:J15,"1/4")+0*COUNTIF(B13:J15,"0/5") -> 0 | M13: =5*COUNTIF(B13:J15,"5/0")+4*COUNTIF(B13:J15,"4/1")+3*COUNTIF(B13:J15,"3/2")+5*COUNTIF(B13:J15,"5/-")+2*COUNTIF(B13:J15,"2/3")+1*COUNTIF(B13:J15,"1/4")+0*COUNTIF(B13:J15,"0/5") -> 0 | N13: =0*COUNTIF(B13:J15,"5/0")+1*COUNTIF(B13:J15,"4/1")+2*COUNTIF(B13:J15,"3/2")+3*COUNTIF(B13:J15,"2/3")+4*COUNTIF(B13:J15,"1/4")+5*COUNTIF(B13:J15,"0/5")+5*COUNTIF(B13:J15,"-/5") -> 0 | O13: =RANK(K13,K$4:K$30) -> 1
O15: =IFERROR(K13/SUM(M13:N15),0) -> 0
A16: =F1 -> #N/A | K16: =5*(COUNTIF(B16:J18,"5/0")+COUNTIF(B16:J18,"4/1")+COUNTIF(B16:J18,"3/2")+COUNTIF(B16:J18,"5/-"))+3*COUNTIF(B16:J18,"2/3")+2*COUNTIF(B16:J18,"1/4")+COUNTIF(B16:J18,"0/5")+0.01*L16+0.0001*(M16) -> 0 | L16: =1*COUNTIF(B16:J18,"5/0")+1*COUNTIF(B16:J18,"4/1")+1*COUNTIF(B16:J18,"3/2")+1*COUNTIF(B16:J18,"5/-")+0*COUNTIF(B16:J18,"2/3")+0*COUNTIF(B16:J18,"1/4")+0*COUNTIF(B16:J18,"0/5") -> 0 | M16: =5*COUNTIF(B16:J18,"5/0")+4*COUNTIF(B16:J18,"4/1")+3*COUNTIF(B16:J18,"3/2")+5*COUNTIF(B16:J18,"5/-")+2*COUNTIF(B16:J18,"2/3")+1*COUNTIF(B16:J18,"1/4")+0*COUNTIF(B16:J18,"0/5") -> 0 | N16: =0*COUNTIF(B16:J18,"5/0")+1*COUNTIF(B16:J18,"4/1")+2*COUNTIF(B16:J18,"3/2")+3*COUNTIF(B16:J18,"2/3")+4*COUNTIF(B16:J18,"1/4")+5*COUNTIF(B16:J18,"0/5")+5*COUNTIF(B16:J18,"-/5") -> 0 | O16: =RANK(K16,K$4:K$30) -> 1
O18: =IFERROR(K16/SUM(M16:N18),0) -> 0
A19: =G1 -> #N/A | K19: =5*(COUNTIF(B19:J21,"5/0")+COUNTIF(B19:J21,"4/1")+COUNTIF(B19:J21,"3/2")+COUNTIF(B19:J21,"5/-"))+3*COUNTIF(B19:J21,"2/3")+2*COUNTIF(B19:J21,"1/4")+COUNTIF(B19:J21,"0/5")+0.01*L19+0.0001*(M19) -> 0 | L19: =1*COUNTIF(B19:J21,"5/0")+1*COUNTIF(B19:J21,"4/1")+1*COUNTIF(B19:J21,"3/2")+1*COUNTIF(B19:J21,"5/-")+0*COUNTIF(B19:J21,"2/3")+0*COUNTIF(B19:J21,"1/4")+0*COUNTIF(B19:J21,"0/5") -> 0 | M19: =5*COUNTIF(B19:J21,"5/0")+4*COUNTIF(B19:J21,"4/1")+3*COUNTIF(B19:J21,"3/2")+5*COUNTIF(B19:J21,"5/-")+2*COUNTIF(B19:J21,"2/3")+1*COUNTIF(B19:J21,"1/4")+0*COUNTIF(B19:J21,"0/5") -> 0 | N19: =0*COUNTIF(B19:J21,"5/0")+1*COUNTIF(B19:J21,"4/1")+2*COUNTIF(B19:J21,"3/2")+3*COUNTIF(B19:J21,"2/3")+4*COUNTIF(B19:J21,"1/4")+5*COUNTIF(B19:J21,"0/5")+5*COUNTIF(B19:J21,"-/5") -> 0 | O19: =RANK(K19,K$4:K$30) -> 1
O21: =IFERROR(K19/SUM(M19:N21),0) -> 0
A22: =H1 -> #N/A | K22: =5*(COUNTIF(B22:J24,"5/0")+COUNTIF(B22:J24,"4/1")+COUNTIF(B22:J24,"3/2")+COUNTIF(B22:J24,"5/-"))+3*COUNTIF(B22:J24,"2/3")+2*COUNTIF(B22:J24,"1/4")+COUNTIF(B22:J24,"0/5")+0.01*L22+0.0001*(M22) -> 0 | L22: =1*COUNTIF(B22:J24,"5/0")+1*COUNTIF(B22:J24,"4/1")+1*COUNTIF(B22:J24,"3/2")+1*COUNTIF(B22:J24,"5/-")+0*COUNTIF(B22:J24,"2/3")+0*COUNTIF(B22:J24,"1/4")+0*COUNTIF(B22:J24,"0/5") -> 0 | M22: =5*COUNTIF(B22:J24,"5/0")+4*COUNTIF(B22:J24,"4/1")+3*COUNTIF(B22:J24,"3/2")+5*COUNTIF(B22:J24,"5/-")+2*COUNTIF(B22:J24,"2/3")+1*COUNTIF(B22:J24,"1/4")+0*COUNTIF(B22:J24,"0/5") -> 0 | N22: =0*COUNTIF(B22:J24,"5/0")+1*COUNTIF(B22:J24,"4/1")+2*COUNTIF(B22:J24,"3/2")+3*COUNTIF(B22:J24,"2/3")+4*COUNTIF(B22:J24,"1/4")+5*COUNTIF(B22:J24,"0/5")+5*COUNTIF(B22:J24,"-/5") -> 0 | O22: =RANK(K22,K$4:K$30) -> 1
O24: =IFERROR(K22/SUM(M22:N24),0) -> 0
A25: =I1 -> #N/A | K25: =5*(COUNTIF(B25:J27,"5/0")+COUNTIF(B25:J27,"4/1")+COUNTIF(B25:J27,"3/2")+COUNTIF(B25:J27,"5/-"))+3*COUNTIF(B25:J27,"2/3")+2*COUNTIF(B25:J27,"1/4")+COUNTIF(B25:J27,"0/5")+0.01*L25+0.0001*(M25) -> 0 | L25: =1*COUNTIF(B25:J27,"5/0")+1*COUNTIF(B25:J27,"4/1")+1*COUNTIF(B25:J27,"3/2")+1*COUNTIF(B25:J27,"5/-")+0*COUNTIF(B25:J27,"2/3")+0*COUNTIF(B25:J27,"1/4")+0*COUNTIF(B25:J27,"0/5") -> 0 | M25: =5*COUNTIF(B25:J27,"5/0")+4*COUNTIF(B25:J27,"4/1")+3*COUNTIF(B25:J27,"3/2")+5*COUNTIF(B25:J27,"5/-")+2*COUNTIF(B25:J27,"2/3")+1*COUNTIF(B25:J27,"1/4")+0*COUNTIF(B25:J27,"0/5") -> 0 | N25: =0*COUNTIF(B25:J27,"5/0")+1*COUNTIF(B25:J27,"4/1")+2*COUNTIF(B25:J27,"3/2")+3*COUNTIF(B25:J27,"2/3")+4*COUNTIF(B25:J27,"1/4")+5*COUNTIF(B25:J27,"0/5")+5*COUNTIF(B25:J27,"-/5") -> 0 | O25: =RANK(K25,K$4:K$30) -> 1
O27: =IFERROR(K25/SUM(M25:N27),0) -> 0
A28: =J1 -> #N/A | K28: =5*(COUNTIF(B28:J30,"5/0")+COUNTIF(B28:J30,"4/1")+COUNTIF(B28:J30,"3/2")+COUNTIF(B28:J30,"5/-"))+3*COUNTIF(B28:J30,"2/3")+2*COUNTIF(B28:J30,"1/4")+COUNTIF(B28:J30,"0/5")+0.01*L28+0.0001*(M28) -> 0 | L28: =1*COUNTIF(B28:J30,"5/0")+1*COUNTIF(B28:J30,"4/1")+1*COUNTIF(B28:J30,"3/2")+1*COUNTIF(B28:J30,"5/-")+0*COUNTIF(B28:J30,"2/3")+0*COUNTIF(B28:J30,"1/4")+0*COUNTIF(B28:J30,"0/5") -> 0 | M28: =5*COUNTIF(B28:J30,"5/0")+4*COUNTIF(B28:J30,"4/1")+3*COUNTIF(B28:J30,"3/2")+5*COUNTIF(B28:J30,"5/-")+2*COUNTIF(B28:J30,"2/3")+1*COUNTIF(B28:J30,"1/4")+0*COUNTIF(B28:J30,"0/5") -> 0 | N28: =0*COUNTIF(B28:J30,"5/0")+1*COUNTIF(B28:J30,"4/1")+2*COUNTIF(B28:J30,"3/2")+3*COUNTIF(B28:J30,"2/3")+4*COUNTIF(B28:J30,"1/4")+5*COUNTIF(B28:J30,"0/5")+5*COUNTIF(B28:J30,"-/5") -> 0 | O28: =RANK(K28,K$4:K$30) -> 1
O30: =IFERROR(K28/SUM(M28:N30),0) -> 0

Sheet 10_fős_liga
B1: =VLOOKUP(CONCATENATE(LEFT($A$2,1),COLUMN()-1),nevezettek,3,FALSE) -> #N/A | C1: =VLOOKUP(CONCATENATE(LEFT($A$2,1),COLUMN()-1),nevezettek,3,FALSE) -> #N/A | D1: =VLOOKUP(CONCATENATE(LEFT($A$2,1),COLUMN()-1),nevezettek,3,FALSE) -> #N/A | E1: =VLOOKUP(CONCATENATE(LEFT($A$2,1),COLUMN()-1),nevezettek,3,FALSE) -> #N/A | F1: =VLOOKUP(CONCATENATE(LEFT($A$2,1),COLUMN()-1),nevezettek,3,FALSE) -> #N/A | G1: =VLOOKUP(CONCATENATE(LEFT($A$2,1),COLUMN()-1),nevezettek,3,FALSE) -> #N/A | H1: =VLOOKUP(CONCATENATE(LEFT($A$2,1),COLUMN()-1),nevezettek,3,FALSE) -> #N/A | I1: =VLOOKUP(CONCATENATE(LEFT($A$2,1),COLUMN()-1),nevezettek,3,FALSE) -> #N/A | ... K1: =VLOOKUP(CONCATENATE(LEFT($A$2,1),COLUMN()-1),nevezettek,3,FALSE) -> #N/A | L1: összpont-szám | M1: Győze-lem | N1: Nyert szett | O1: Vesztett szett | P1: helyezés (hatékonyság)
A2: =RIGHT(CELL("filename",A1),6) -> s_liga
A3: =COUNTIF(Ligabeosztas!D:D,LEFT(A2,1)) -> 0
A4: =B1 -> #N/A | L4: =5*(COUNTIF(B4:K6,"5/0")+COUNTIF(B4:K6,"4/1")+COUNTIF(B4:K6,"3/2")+COUNTIF(B4:K6,"5/-"))+3*COUNTIF(B4:K6,"2/3")+2*COUNTIF(B4:K6,"1/4")+COUNTIF(B4:K6,"0/5")+0.01*M4+0.0001*(N4) -> 0 | M4: =1*COUNTIF(B4:K6,"5/0")+1*COUNTIF(B4:K6,"4/1")+1*COUNTIF(B4:K6,"3/2")+1*COUNTIF(B4:K6,"5/-")+0*COUNTIF(B4:K6,"2/3")+0*COUNTIF(B4:K6,"1/4")+0*COUNTIF(B4:K6,"0/5") -> 0 | N4: =5*COUNTIF(B4:K6,"5/0")+4*COUNTIF(B4:K6,"4/1")+3*COUNTIF(B4:K6,"3/2")+5*COUNTIF(B4:K6,"5/-")+2*COUNTIF(B4:K6,"2/3")+1*COUNTIF(B4:K6,"1/4")+0*COUNTIF(B4:K6,"0/5") -> 0 | O4: =0*COUNTIF(B4:K6,"5/0")+1*COUNTIF(B4:K6,"4/1")+2*COUNTIF(B4:K6,"3/2")+3*COUNTIF(B4:K6,"2/3")+4*COUNTIF(B4:K6,"1/4")+5*COUNTIF(B4:K6,"0/5")+5*COUNTIF(B4:K6,"-/5") -> 0 | P4: =RANK(L4,L$4:L$33) -> 1
P6: =IFERROR(L4/SUM(N4:O6),0) -> 0
A7: =C1 -> #N/A | L7: =5*(COUNTIF(B7:K9,"5/0")+COUNTIF(B7:K9,"4/1")+COUNTIF(B7:K9,"3/2")+COUNTIF(B7:K9,"5/-"))+3*COUNTIF(B7:K9,"2/3")+2*COUNTIF(B7:K9,"1/4")+COUNTIF(B7:K9,"0/5")+0.01*M7+0.0001*(N7) -> 0 | M7: =1*COUNTIF(B7:K9,"5/0")+1*COUNTIF(B7:K9,"4/1")+1*COUNTIF(B7:K9,"3/2")+1*COUNTIF(B7:K9,"5/-")+0*COUNTIF(B7:K9,"2/3")+0*COUNTIF(B7:K9,"1/4")+0*COUNTIF(B7:K9,"0/5") -> 0 | N7: =5*COUNTIF(B7:K9,"5/0")+4*COUNTIF(B7:K9,"4/1")+3*COUNTIF(B7:K9,"3/2")+5*COUNTIF(B7:K9,"5/-")+2*COUNTIF(B7:K9,"2/3")+1*COUNTIF(B7:K9,"1/4")+0*COUNTIF(B7:K9,"0/5") -> 0 | O7: =0*COUNTIF(B7:K9,"5/0")+1*COUNTIF(B7:K9,"4/1")+2*COUNTIF(B7:K9,"3/2")+3*COUNTIF(B7:K9,"2/3")+4*COUNTIF(B7:K9,"1/4")+5*COUNTIF(B7:K9,"0/5")+5*COUNTIF(B7:K9,"-/5") -> 0 | P7: =RANK(L7,L$4:L$33) -> 1
P9: =IFERROR(L7/SUM(N7:O9),0) -> 0
A10: =D1 -> #N/A | L10: =5*(COUNTIF(B10:K12,"5/0")+COUNTIF(B10:K12,"4/1")+COUNTIF(B10:K12,"3/2")+COUNTIF(B10:K12,"5/-"))+3*COUNTIF(B10:K12,"2/3")+2*COUNTIF(B10:K12,"1/4")+COUNTIF(B10:K12,"0/5")+0.01*M10+0.0001*(N10) -> 0 | M10: =1*COUNTIF(B10:K12,"5/0")+1*COUNTIF(B10:K12,"4/1")+1*COUNTIF(B10:K12,"3/2")+1*COUNTIF(B10:K12,"5/-")+0*COUNTIF(B10:K12,"2/3")+0*COUNTIF(B10:K12,"1/4")+0*COUNTIF(B10:K12,"0/5") -> 0 | N10: =5*COUNTIF(B10:K12,"5/0")+4*COUNTIF(B10:K12,"4/1")+3*COUNTIF(B10:K12,"3/2")+5*COUNTIF(B10:K12,"5/-")+2*COUNTIF(B10:K12,"2/3")+1*COUNTIF(B10:K12,"1/4")+0*COUNTIF(B10:K12,"0/5") -> 0 | O10: =0*COUNTIF(B10:K12,"5/0")+1*COUNTIF(B10:K12,"4/1")+2*COUNTIF(B10:K12,"3/2")+3*COUNTIF(B10:K12,"2/3")+4*COUNTIF(B10:K12,"1/4")+5*COUNTIF(B10:K12,"0/5")+5*COUNTIF(B10:K12,"-/5") -> 0 | P10: =RANK(L10,L$4:L$33) -> 1
P12: =IFERROR(L10/SUM(N10:O12),0) -> 0
A13: =E1 -> #N/A | L13: =5*(COUNTIF(B13:K15,"5/0")+COUNTIF(B13:K15,"4/1")+COUNTIF(B13:K15,"3/2")+COUNTIF(B13:K15,"5/-"))+3*COUNTIF(B13:K15,"2/3")+2*COUNTIF(B13:K15,"1/4")+COUNTIF(B13:K15,"0/5")+0.01*M13+0.0001*(N13) -> 0 | M13: =1*COUNTIF(B13:K15,"5/0")+1*COUNTIF(B13:K15,"4/1")+1*COUNTIF(B13:K15,"3/2")+1*COUNTIF(B13:K15,"5/-")+0*COUNTIF(B13:K15,"2/3")+0*COUNTIF(B13:K15,"1/4")+0*COUNTIF(B13:K15,"0/5") -> 0 | N13: =5*COUNTIF(B13:K15,"5/0")+4*COUNTIF(B13:K15,"4/1")+3*COUNTIF(B13:K15,"3/2")+5*COUNTIF(B13:K15,"5/-")+2*COUNTIF(B13:K15,"2/3")+1*COUNTIF(B13:K15,"1/4")+0*COUNTIF(B13:K15,"0/5") -> 0 | O13: =0*COUNTIF(B13:K15,"5/0")+1*COUNTIF(B13:K15,"4/1")+2*COUNTIF(B13:K15,"3/2")+3*COUNTIF(B13:K15,"2/3")+4*COUNTIF(B13:K15,"1/4")+5*COUNTIF(B13:K15,"0/5")+5*COUNTIF(B13:K15,"-/5") -> 0 | P13: =RANK(L13,L$4:L$33) -> 1
P15: =IFERROR(L13/SUM(N13:O15),0) -> 0
A16: =F1 -> #N/A | L16: =5*(COUNTIF(B16:K18,"5/0")+COUNTIF(B16:K18,"4/1")+COUNTIF(B16:K18,"3/2")+COUNTIF(B16:K18,"5/-"))+3*COUNTIF(B16:K18,"2/3")+2*COUNTIF(B16:K18,"1/4")+COUNTIF(B16:K18,"0/5")+0.01*M16+0.0001*(N16) -> 0 | M16: =1*COUNTIF(B16:K18,"5/0")+1*COUNTIF(B16:K18,"4/1")+1*COUNTIF(B16:K18,"3/2")+1*COUNTIF(B16:K18,"5/-")+0*COUNTIF(B16:K18,"2/3")+0*COUNTIF(B16:K18,"1/4")+0*COUNTIF(B16:K18,"0/5") -> 0 | N16: =5*COUNTIF(B16:K18,"5/0")+4*COUNTIF(B16:K18,"4/1")+3*COUNTIF(B16:K18,"3/2")+5*COUNTIF(B16:K18,"5/-")+2*COUNTIF(B16:K18,"2/3")+1*COUNTIF(B16:K18,"1/4")+0*COUNTIF(B16:K18,"0/5") -> 0 | O16: =0*COUNTIF(B16:K18,"5/0")+1*COUNTIF(B16:K18,"4/1")+2*COUNTIF(B16:K18,"3/2")+3*COUNTIF(B16:K18,"2/3")+4*COUNTIF(B16:K18,"1/4")+5*COUNTIF(B16:K18,"0/5")+5*COUNTIF(B16:K18,"-/5") -> 0 | P16: =RANK(L16,L$4:L$33) -> 1
P18: =IFERROR(L16/SUM(N16:O18),0) -> 0
A19: =G1 -> #N/A | L19: =5*(COUNTIF(B19:K21,"5/0")+COUNTIF(B19:K21,"4/1")+COUNTIF(B19:K21,"3/2")+COUNTIF(B19:K21,"5/-"))+3*COUNTIF(B19:K21,"2/3")+2*COUNTIF(B19:K21,"1/4")+COUNTIF(B19:K21,"0/5")+0.01*M19+0.0001*(N19) -> 0 | M19: =1*COUNTIF(B19:K21,"5/0")+1*COUNTIF(B19:K21,"4/1")+1*COUNTIF(B19:K21,"3/2")+1*COUNTIF(B19:K21,"5/-")+0*COUNTIF(B19:K21,"2/3")+0*COUNTIF(B19:K21,"1/4")+0*COUNTIF(B19:K21,"0/5") -> 0 | N19: =5*COUNTIF(B19:K21,"5/0")+4*COUNTIF(B19:K21,"4/1")+3*COUNTIF(B19:K21,"3/2")+5*COUNTIF(B19:K21,"5/-")+2*COUNTIF(B19:K21,"2/3")+1*COUNTIF(B19:K21,"1/4")+0*COUNTIF(B19:K21,"0/5") -> 0 | O19: =0*COUNTIF(B19:K21,"5/0")+1*COUNTIF(B19:K21,"4/1")+2*COUNTIF(B19:K21,"3/2")+3*COUNTIF(B19:K21,"2/3")+4*COUNTIF(B19:K21,"1/4")+5*COUNTIF(B19:K21,"0/5")+5*COUNTIF(B19:K21,"-/5") -> 0 | P19: =RANK(L19,L$4:L$33) -> 1
P21: =IFERROR(L19/SUM(N19:O21),0) -> 0
A22: =H1 -> #N/A | L22: =5*(COUNTIF(B22:K24,"5/0")+COUNTIF(B22:K24,"4/1")+COUNTIF(B22:K24,"3/2")+COUNTIF(B22:K24,"5/-"))+3*COUNTIF(B22:K24,"2/3")+2*COUNTIF(B22:K24,"1/4")+COUNTIF(B22:K24,"0/5")+0.01*M22+0.0001*(N22) -> 0 | M22: =1*COUNTIF(B22:K24,"5/0")+1*COUNTIF(B22:K24,"4/1")+1*COUNTIF(B22:K24,"3/2")+1*COUNTIF(B22:K24,"5/-")+0*COUNTIF(B22:K24,"2/3")+0*COUNTIF(B22:K24,"1/4")+0*COUNTIF(B22:K24,"0/5") -> 0 | N22: =5*COUNTIF(B22:K24,"5/0")+4*COUNTIF(B22:K24,"4/1")+3*COUNTIF(B22:K24,"3/2")+5*COUNTIF(B22:K24,"5/-")+2*COUNTIF(B22:K24,"2/3")+1*COUNTIF(B22:K24,"1/4")+0*COUNTIF(B22:K24,"0/5") -> 0 | O22: =0*COUNTIF(B22:K24,"5/0")+1*COUNTIF(B22:K24,"4/1")+2*COUNTIF(B22:K24,"3/2")+3*COUNTIF(B22:K24,"2/3")+4*COUNTIF(B22:K24,"1/4")+5*COUNTIF(B22:K24,"0/5")+5*COUNTIF(B22:K24,"-/5") -> 0 | P22: =RANK(L22,L$4:L$33) -> 1
P24: =IFERROR(L22/SUM(N22:O24),0) -> 0
A25: =I1 -> #N/A | L25: =5*(COUNTIF(B25:K27,"5/0")+COUNTIF(B25:K27,"4/1")+COUNTIF(B25:K27,"3/2")+COUNTIF(B25:K27,"5/-"))+3*COUNTIF(B25:K27,"2/3")+2*COUNTIF(B25:K27,"1/4")+COUNTIF(B25:K27,"0/5")+0.01*M25+0.0001*(N25) -> 0 | M25: =1*COUNTIF(B25:K27,"5/0")+1*COUNTIF(B25:K27,"4/1")+1*COUNTIF(B25:K27,"3/2")+1*COUNTIF(B25:K27,"5/-")+0*COUNTIF(B25:K27,"2/3")+0*COUNTIF(B25:K27,"1/4")+0*COUNTIF(B25:K27,"0/5") -> 0 | N25: =5*COUNTIF(B25:K27,"5/0")+4*COUNTIF(B25:K27,"4/1")+3*COUNTIF(B25:K27,"3/2")+5*COUNTIF(B25:K27,"5/-")+2*COUNTIF(B25:K27,"2/3")+1*COUNTIF(B25:K27,"1/4")+0*COUNTIF(B25:K27,"0/5") -> 0 | O25: =0*COUNTIF(B25:K27,"5/0")+1*COUNTIF(B25:K27,"4/1")+2*COUNTIF(B25:K27,"3/2")+3*COUNTIF(B25:K27,"2/3")+4*COUNTIF(B25:K27,"1/4")+5*COUNTIF(B25:K27,"0/5")+5*COUNTIF(B25:K27,"-/5") -> 0 | P25: =RANK(L25,L$4:L$33) -> 1
P27: =IFERROR(L25/SUM(N25:O27),0) -> 0
A28: =J1 -> #N/A | L28: =5*(COUNTIF(B28:K30,"5/0")+COUNTIF(B28:K30,"4/1")+COUNTIF(B28:K30,"3/2")+COUNTIF(B28:K30,"5/-"))+3*COUNTIF(B28:K30,"2/3")+2*COUNTIF(B28:K30,"1/4")+COUNTIF(B28:K30,"0/5")+0.01*M28+0.0001*(N28) -> 0 | M28: =1*COUNTIF(B28:K30,"5/0")+1*COUNTIF(B28:K30,"4/1")+1*COUNTIF(B28:K30,"3/2")+1*COUNTIF(B28:K30,"5/-")+0*COUNTIF(B28:K30,"2/3")+0*COUNTIF(B28:K30,"1/4")+0*COUNTIF(B28:K30,"0/5") -> 0 | N28: =5*COUNTIF(B28:K30,"5/0")+4*COUNTIF(B28:K30,"4/1")+3*COUNTIF(B28:K30,"3/2")+5*COUNTIF(B28:K30,"5/-")+2*COUNTIF(B28:K30,"2/3")+1*COUNTIF(B28:K30,"1/4")+0*COUNTIF(B28:K30,"0/5") -> 0 | O28: =0*COUNTIF(B28:K30,"5/0")+1*COUNTIF(B28:K30,"4/1")+2*COUNTIF(B28:K30,"3/2")+3*COUNTIF(B28:K30,"2/3")+4*COUNTIF(B28:K30,"1/4")+5*COUNTIF(B28:K30,"0/5")+5*COUNTIF(B28:K30,"-/5") -> 0 | P28: =RANK(L28,L$4:L$33) -> 1
P30: =IFERROR(L28/SUM(N28:O30),0) -> 0
A31: =K1 -> #N/A | L31: =5*(COUNTIF(B31:K33,"5/0")+COUNTIF(B31:K33,"4/1")+COUNTIF(B31:K33,"3/2")+COUNTIF(B31:K33,"5/-"))+3*COUNTIF(B31:K33,"2/3")+2*COUNTIF(B31:K33,"1/4")+COUNTIF(B31:K33,"0/5")+0.01*M31+0.0001*(N31) -> 0 | M31: =1*COUNTIF(B31:K33,"5/0")+1*COUNTIF(B31:K33,"4/1")+1*COUNTIF(B31:K33,"3/2")+1*COUNTIF(B31:K33,"5/-")+0*COUNTIF(B31:K33,"2/3")+0*COUNTIF(B31:K33,"1/4")+0*COUNTIF(B31:K33,"0/5") -> 0 | N31: =5*COUNTIF(B31:K33,"5/0")+4*COUNTIF(B31:K33,"4/1")+3*COUNTIF(B31:K33,"3/2")+5*COUNTIF(B31:K33,"5/-")+2*COUNTIF(B31:K33,"2/3")+1*COUNTIF(B31:K33,"1/4")+0*COUNTIF(B31:K33,"0/5") -> 0 | O31: =0*COUNTIF(B31:K33,"5/0")+1*COUNTIF(B31:K33,"4/1")+2*COUNTIF(B31:K33,"3/2")+3*COUNTIF(B31:K33,"2/3")+4*COUNTIF(B31:K33,"1/4")+5*COUNTIF(B31:K33,"0/5")+5*COUNTIF(B31:K33,"-/5") -> 0 | P31: =RANK(L31,L$4:L$33) -> 1
P33: =IFERROR(L31/SUM(N31:O33),0) -> 0

Sheet Női liga
B1: =VLOOKUP(CONCATENATE(LEFT($A$2,3),COLUMN()-1),nevezettek,3,FALSE) -> #N/A | C1: =VLOOKUP(CONCATENATE(LEFT($A$2,3),COLUMN()-1),nevezettek,3,FALSE) -> #N/A | D1: =VLOOKUP(CONCATENATE(LEFT($A$2,3),COLUMN()-1),nevezettek,3,FALSE) -> #N/A | E1: =VLOOKUP(CONCATENATE(LEFT($A$2,3),COLUMN()-1),nevezettek,3,FALSE) -> #N/A | F1: =VLOOKUP(CONCATENATE(LEFT($A$2,3),COLUMN()-1),nevezettek,3,FALSE) -> #N/A | G1: =VLOOKUP(CONCATENATE(LEFT($A$2,3),COLUMN()-1),nevezettek,3,FALSE) -> #N/A | H1: =VLOOKUP(CONCATENATE(LEFT($A$2,3),COLUMN()-1),nevezettek,3,FALSE) -> #N/A | I1: =VLOOKUP(CONCATENATE(LEFT($A$2,3),COLUMN()-1),nevezettek,3,FALSE) -> #N/A | J1: =VLOOKUP(CONCATENATE(LEFT($A$2,3),COLUMN()-1),nevezettek,3,FALSE) -> #N/A | K1: összpont-szám | L1: Győze-lem | M1: Nyert szett | N1: Vesztett szett | O1: helyezés
A2: =RIGHT(CELL("filename",A1),8) -> Női liga
A3: =COUNTIF(Ligabeosztas!D:D,LEFT(A2,1)) -> 0
A4: =B1 -> #N/A | K4: =5*(COUNTIF(B4:J6,"5/0")+COUNTIF(B4:J6,"4/1")+COUNTIF(B4:J6,"3/2")+COUNTIF(B4:J6,"5/-"))+3*COUNTIF(B4:J6,"2/3")+2*COUNTIF(B4:J6,"1/4")+COUNTIF(B4:J6,"0/5")+0.01*L4+0.0001*(M4-N4) -> 0 | L4: =1*COUNTIF(B4:J6,"5/0")+1*COUNTIF(B4:J6,"4/1")+1*COUNTIF(B4:J6,"3/2")+1*COUNTIF(B4:J6,"5/-")+0*COUNTIF(B4:J6,"2/3")+0*COUNTIF(B4:J6,"1/4")+0*COUNTIF(B4:J6,"0/5") -> 0 | M4: =5*COUNTIF(B4:J6,"5/0")+4*COUNTIF(B4:J6,"4/1")+3*COUNTIF(B4:J6,"3/2")+5*COUNTIF(B4:J6,"5/-")+2*COUNTIF(B4:J6,"2/3")+1*COUNTIF(B4:J6,"1/4")+0*COUNTIF(B4:J6,"0/5") -> 0 | N4: =0*COUNTIF(B4:J6,"5/0")+1*COUNTIF(B4:J6,"4/1")+2*COUNTIF(B4:J6,"3/2")+3*COUNTIF(B4:J6,"2/3")+4*COUNTIF(B4:J6,"1/4")+5*COUNTIF(B4:J6,"0/5")+5*COUNTIF(B4:J6,"-/5") -> 0 | O4: =RANK(K4,K$4:K$30) -> 1
A7: =C1 -> #N/A | K7: =5*(COUNTIF(B7:J9,"5/0")+COUNTIF(B7:J9,"4/1")+COUNTIF(B7:J9,"3/2")+COUNTIF(B7:J9,"5/-"))+3*COUNTIF(B7:J9,"2/3")+2*COUNTIF(B7:J9,"1/4")+COUNTIF(B7:J9,"0/5")+0.01*L7+0.0001*(M7-N7) -> 0 | L7: =1*COUNTIF(B7:J9,"5/0")+1*COUNTIF(B7:J9,"4/1")+1*COUNTIF(B7:J9,"3/2")+1*COUNTIF(B7:J9,"5/-")+0*COUNTIF(B7:J9,"2/3")+0*COUNTIF(B7:J9,"1/4")+0*COUNTIF(B7:J9,"0/5") -> 0 | M7: =5*COUNTIF(B7:J9,"5/0")+4*COUNTIF(B7:J9,"4/1")+3*COUNTIF(B7:J9,"3/2")+5*COUNTIF(B7:J9,"5/-")+2*COUNTIF(B7:J9,"2/3")+1*COUNTIF(B7:J9,"1/4")+0*COUNTIF(B7:J9,"0/5") -> 0 | N7: =0*COUNTIF(B7:J9,"5/0")+1*COUNTIF(B7:J9,"4/1")+2*COUNTIF(B7:J9,"3/2")+3*COUNTIF(B7:J9,"2/3")+4*COUNTIF(B7:J9,"1/4")+5*COUNTIF(B7:J9,"0/5")+5*COUNTIF(B7:J9,"-/5") -> 0 | O7: =RANK(K7,K$4:K$30) -> 1
A10: =D1 -> #N/A | K10: =5*(COUNTIF(B10:J12,"5/0")+COUNTIF(B10:J12,"4/1")+COUNTIF(B10:J12,"3/2")+COUNTIF(B10:J12,"5/-"))+3*COUNTIF(B10:J12,"2/3")+2*COUNTIF(B10:J12,"1/4")+COUNTIF(B10:J12,"0/5")+0.01*L10+0.0001*(M10-N10) -> 0 | L10: =1*COUNTIF(B10:J12,"5/0")+1*COUNTIF(B10:J12,"4/1")+1*COUNTIF(B10:J12,"3/2")+1*COUNTIF(B10:J12,"5/-")+0*COUNTIF(B10:J12,"2/3")+0*COUNTIF(B10:J12,"1/4")+0*COUNTIF(B10:J12,"0/5") -> 0 | M10: =5*COUNTIF(B10:J12,"5/0")+4*COUNTIF(B10:J12,"4/1")+3*COUNTIF(B10:J12,"3/2")+5*COUNTIF(B10:J12,"5/-")+2*COUNTIF(B10:J12,"2/3")+1*COUNTIF(B10:J12,"1/4")+0*COUNTIF(B10:J12,"0/5") -> 0 | N10: =0*COUNTIF(B10:J12,"5/0")+1*COUNTIF(B10:J12,"4/1")+2*COUNTIF(B10:J12,"3/2")+3*COUNTIF(B10:J12,"2/3")+4*COUNTIF(B10:J12,"1/4")+5*COUNTIF(B10:J12,"0/5")+5*COUNTIF(B10:J12,"-/5") -> 0 | O10: =RANK(K10,K$4:K$30) -> 1
A13: =E1 -> #N/A | K13: =5*(COUNTIF(B13:J15,"5/0")+COUNTIF(B13:J15,"4/1")+COUNTIF(B13:J15,"3/2")+COUNTIF(B13:J15,"5/-"))+3*COUNTIF(B13:J15,"2/3")+2*COUNTIF(B13:J15,"1/4")+COUNTIF(B13:J15,"0/5")+0.01*L13+0.0001*(M13-N13) -> 0 | L13: =1*COUNTIF(B13:J15,"5/0")+1*COUNTIF(B13:J15,"4/1")+1*COUNTIF(B13:J15,"3/2")+1*COUNTIF(B13:J15,"5/-")+0*COUNTIF(B13:J15,"2/3")+0*COUNTIF(B13:J15,"1/4")+0*COUNTIF(B13:J15,"0/5") -> 0 | M13: =5*COUNTIF(B13:J15,"5/0")+4*COUNTIF(B13:J15,"4/1")+3*COUNTIF(B13:J15,"3/2")+5*COUNTIF(B13:J15,"5/-")+2*COUNTIF(B13:J15,"2/3")+1*COUNTIF(B13:J15,"1/4")+0*COUNTIF(B13:J15,"0/5") -> 0 | N13: =0*COUNTIF(B13:J15,"5/0")+1*COUNTIF(B13:J15,"4/1")+2*COUNTIF(B13:J15,"3/2")+3*COUNTIF(B13:J15,"2/3")+4*COUNTIF(B13:J15,"1/4")+5*COUNTIF(B13:J15,"0/5")+5*COUNTIF(B13:J15,"-/5") -> 0 | O13: =RANK(K13,K$4:K$30) -> 1
A16: =F1 -> #N/A | K16: =5*(COUNTIF(B16:J18,"5/0")+COUNTIF(B16:J18,"4/1")+COUNTIF(B16:J18,"3/2")+COUNTIF(B16:J18,"5/-"))+3*COUNTIF(B16:J18,"2/3")+2*COUNTIF(B16:J18,"1/4")+COUNTIF(B16:J18,"0/5")+0.01*L16+0.0001*(M16-N16) -> 0 | L16: =1*COUNTIF(B16:J18,"5/0")+1*COUNTIF(B16:J18,"4/1")+1*COUNTIF(B16:J18,"3/2")+1*COUNTIF(B16:J18,"5/-")+0*COUNTIF(B16:J18,"2/3")+0*COUNTIF(B16:J18,"1/4")+0*COUNTIF(B16:J18,"0/5") -> 0 | M16: =5*COUNTIF(B16:J18,"5/0")+4*COUNTIF(B16:J18,"4/1")+3*COUNTIF(B16:J18,"3/2")+5*COUNTIF(B16:J18,"5/-")+2*COUNTIF(B16:J18,"2/3")+1*COUNTIF(B16:J18,"1/4")+0*COUNTIF(B16:J18,"0/5") -> 0 | N16: =0*COUNTIF(B16:J18,"5/0")+1*COUNTIF(B16:J18,"4/1")+2*COUNTIF(B16:J18,"3/2")+3*COUNTIF(B16:J18,"2/3")+4*COUNTIF(B16:J18,"1/4")+5*COUNTIF(B16:J18,"0/5")+5*COUNTIF(B16:J18,"-/5") -> 0 | O16: =RANK(K16,K$4:K$30) -> 1
A19: =G1 -> #N/A | K19: =5*(COUNTIF(B19:J21,"5/0")+COUNTIF(B19:J21,"4/1")+COUNTIF(B19:J21,"3/2")+COUNTIF(B19:J21,"5/-"))+3*COUNTIF(B19:J21,"2/3")+2*COUNTIF(B19:J21,"1/4")+COUNTIF(B19:J21,"0/5")+0.01*L19+0.0001*(M19-N19) -> 0 | L19: =1*COUNTIF(B19:J21,"5/0")+1*COUNTIF(B19:J21,"4/1")+1*COUNTIF(B19:J21,"3/2")+1*COUNTIF(B19:J21,"5/-")+0*COUNTIF(B19:J21,"2/3")+0*COUNTIF(B19:J21,"1/4")+0*COUNTIF(B19:J21,"0/5") -> 0 | M19: =5*COUNTIF(B19:J21,"5/0")+4*COUNTIF(B19:J21,"4/1")+3*COUNTIF(B19:J21,"3/2")+5*COUNTIF(B19:J21,"5/-")+2*COUNTIF(B19:J21,"2/3")+1*COUNTIF(B19:J21,"1/4")+0*COUNTIF(B19:J21,"0/5") -> 0 | N19: =0*COUNTIF(B19:J21,"5/0")+1*COUNTIF(B19:J21,"4/1")+2*COUNTIF(B19:J21,"3/2")+3*COUNTIF(B19:J21,"2/3")+4*COUNTIF(B19:J21,"1/4")+5*COUNTIF(B19:J21,"0/5")+5*COUNTIF(B19:J21,"-/5") -> 0 | O19: =RANK(K19,K$4:K$30) -> 1
A22: =H1 -> #N/A | K22: =5*(COUNTIF(B22:J24,"5/0")+COUNTIF(B22:J24,"4/1")+COUNTIF(B22:J24,"3/2")+COUNTIF(B22:J24,"5/-"))+3*COUNTIF(B22:J24,"2/3")+2*COUNTIF(B22:J24,"1/4")+COUNTIF(B22:J24,"0/5")+0.01*L22+0.0001*(M22-N22) -> 0 | L22: =1*COUNTIF(B22:J24,"5/0")+1*COUNTIF(B22:J24,"4/1")+1*COUNTIF(B22:J24,"3/2")+1*COUNTIF(B22:J24,"5/-")+0*COUNTIF(B22:J24,"2/3")+0*COUNTIF(B22:J24,"1/4")+0*COUNTIF(B22:J24,"0/5") -> 0 | M22: =5*COUNTIF(B22:J24,"5/0")+4*COUNTIF(B22:J24,"4/1")+3*COUNTIF(B22:J24,"3/2")+5*COUNTIF(B22:J24,"5/-")+2*COUNTIF(B22:J24,"2/3")+1*COUNTIF(B22:J24,"1/4")+0*COUNTIF(B22:J24,"0/5") -> 0 | N22: =0*COUNTIF(B22:J24,"5/0")+1*COUNTIF(B22:J24,"4/1")+2*COUNTIF(B22:J24,"3/2")+3*COUNTIF(B22:J24,"2/3")+4*COUNTIF(B22:J24,"1/4")+5*COUNTIF(B22:J24,"0/5")+5*COUNTIF(B22:J24,"-/5") -> 0 | O22: =RANK(K22,K$4:K$30) -> 1
A25: =I1 -> #N/A | K25: =5*(COUNTIF(B25:J27,"5/0")+COUNTIF(B25:J27,"4/1")+COUNTIF(B25:J27,"3/2")+COUNTIF(B25:J27,"5/-"))+3*COUNTIF(B25:J27,"2/3")+2*COUNTIF(B25:J27,"1/4")+COUNTIF(B25:J27,"0/5")+0.01*L25+0.0001*(M25-N25) -> 0 | L25: =1*COUNTIF(B25:J27,"5/0")+1*COUNTIF(B25:J27,"4/1")+1*COUNTIF(B25:J27,"3/2")+1*COUNTIF(B25:J27,"5/-")+0*COUNTIF(B25:J27,"2/3")+0*COUNTIF(B25:J27,"1/4")+0*COUNTIF(B25:J27,"0/5") -> 0 | M25: =5*COUNTIF(B25:J27,"5/0")+4*COUNTIF(B25:J27,"4/1")+3*COUNTIF(B25:J27,"3/2")+5*COUNTIF(B25:J27,"5/-")+2*COUNTIF(B25:J27,"2/3")+1*COUNTIF(B25:J27,"1/4")+0*COUNTIF(B25:J27,"0/5") -> 0 | N25: =0*COUNTIF(B25:J27,"5/0")+1*COUNTIF(B25:J27,"4/1")+2*COUNTIF(B25:J27,"3/2")+3*COUNTIF(B25:J27,"2/3")+4*COUNTIF(B25:J27,"1/4")+5*COUNTIF(B25:J27,"0/5")+5*COUNTIF(B25:J27,"-/5") -> 0 | O25: =RANK(K25,K$4:K$30) -> 1
A28: =J1 -> #N/A | K28: =5*(COUNTIF(B28:J30,"5/0")+COUNTIF(B28:J30,"4/1")+COUNTIF(B28:J30,"3/2")+COUNTIF(B28:J30,"5/-"))+3*COUNTIF(B28:J30,"2/3")+2*COUNTIF(B28:J30,"1/4")+COUNTIF(B28:J30,"0/5")+0.01*L28+0.0001*(M28-N28) -> 0 | L28: =1*COUNTIF(B28:J30,"5/0")+1*COUNTIF(B28:J30,"4/1")+1*COUNTIF(B28:J30,"3/2")+1*COUNTIF(B28:J30,"5/-")+0*COUNTIF(B28:J30,"2/3")+0*COUNTIF(B28:J30,"1/4")+0*COUNTIF(B28:J30,"0/5") -> 0 | M28: =5*COUNTIF(B28:J30,"5/0")+4*COUNTIF(B28:J30,"4/1")+3*COUNTIF(B28:J30,"3/2")+5*COUNTIF(B28:J30,"5/-")+2*COUNTIF(B28:J30,"2/3")+1*COUNTIF(B28:J30,"1/4")+0*COUNTIF(B28:J30,"0/5") -> 0 | N28: =0*COUNTIF(B28:J30,"5/0")+1*COUNTIF(B28:J30,"4/1")+2*COUNTIF(B28:J30,"3/2")+3*COUNTIF(B28:J30,"2/3")+4*COUNTIF(B28:J30,"1/4")+5*COUNTIF(B28:J30,"0/5")+5*COUNTIF(B28:J30,"-/5") -> 0 | O28: =RANK(K28,K$4:K$30) -> 1
